Ticker,Date,Action,Shares_Sold,Sale_Price,Sale_Value,Fee,Allocated_Cost_Basis,Realized_PnL
PGEL.NS,2021-02-01,SELL,62432,18.19104766845703,1135703.4880371094,1135.7034880371093,860513.2532395325,274054.5313095397
DIXON.NS,2021-02-01,TRIM,40,3029.437744140625,121177.509765625,121.177509765625,108846.96087890625,12209.371376953131
NEULANDLAB.NS,2021-02-01,TRIM,143,1313.2933349609375,187800.94689941406,187.80094689941407,153963.68120922853,33649.46474328611
NAVINFLUOR.NS,2021-03-01,SELL,475,2613.87939453125,1241592.7124023438,1241.5927124023438,1214887.3577661132,25463.761923828162
AFFLE.NS,2021-03-01,SELL,1394,1070.0999755859375,1491719.3659667969,1491.7193659667969,1078656.590852661,411571.0557481691
CGPOWER.NS,2021-03-01,TRIM,1986,56.15888977050781,111531.55508422852,111.53155508422851,86519.23646813132,24900.78706101296
DIXON.NS,2021-03-01,TRIM,14,3888.226318359375,54435.16845703125,54.43516845703125,38096.43630761719,16284.296980957035
NEULANDLAB.NS,2021-03-01,TRIM,139,2022.052490234375,281065.2961425781,281.0652961425781,149657.00481176758,131127.22603466795
PATANJALI.NS,2021-04-01,SELL,5140,217.7836456298828,1119407.9385375977,1119.4079385375976,1027487.9796455688,90800.55095349124
TATAELXSI.NS,2021-04-01,SELL,553,2599.08740234375,1437295.3334960938,1437.2953334960937,1360957.080881836,74900.9572807618
CGPOWER.NS,2021-04-01,TRIM,3060,67.91422271728516,207817.52151489258,207.81752151489258,133307.58489047425,74302.11910290344
LAURUSLABS.NS,2021-05-03,SELL,3910,469.29974365234375,1834961.997680664,1834.9619976806641,1367569.9991750182,465557.0365079653
TATACOMM.NS,2021-05-03,SELL,1351,1020.5390625,1378748.2734375,1378.7482734375,1359013.2432952272,18356.281868835213
NEULANDLAB.NS,2021-05-03,TRIM,53,2610.013427734375,138330.71166992188,138.33071166992187,57960.47005014917,80231.91090810279
HINDCOPPER.NS,2021-05-03,TRIM,1572,150.44207763671875,236494.94604492188,236.49494604492187,192000.21499227904,44258.236106597906
DIXON.NS,2021-05-03,TRIM,41,4241.70654296875,173909.96826171875,173.90996826171875,118077.24981787108,55658.808475585945
ADANIGREEN.NS,2021-06-01,SELL,1486,1271.050048828125,1888780.3725585938,1888.7803725585939,1591630.5441657715,295261.04802026367
ADANIENT.NS,2021-06-01,SELL,1203,1412.1866455078125,1698860.5345458984,1698.8605345458984,1507599.3880946045,189562.285916748
ATGL.NS,2021-06-01,TRIM,48,1438.219482421875,69034.53515625,69.03453515625,59346.740578125005,9618.760042968752
PGEL.NS,2021-06-01,TRIM,5407,41.10346984863281,222246.46147155762,222.2464614715576,203686.5704357993,18337.644574286736
DIXON.NS,2021-07-01,SELL,482,4401.90673828125,2121719.0478515625,2121.7190478515627,1476157.2675458984,643440.0612578127
NEULANDLAB.NS,2021-07-01,SELL,639,2165.755126953125,1383917.5261230469,1383.9175261230469,871370.1237918918,511163.4848050319
GPIL.NS,2021-07-01,TRIM,1012,321.40625,325263.125,325.263125,228391.17277539065,96546.68909960936
PGEL.NS,2021-08-02,TRIM,2640,36.90169525146485,97420.4754638672,97.4204754638672,101975.8230472312,-4652.76805882786
CGPOWER.NS,2021-08-02,TRIM,3701,78.1384048461914,289190.2363357544,289.1902363357544,199500.37258024953,89400.67351916913
GPIL.NS,2021-08-02,TRIM,2093,402.68463134765625,842818.9334106445,842.8189334106446,472354.4709672852,369621.6435099486
ANANTRAJ.NS,2021-08-02,TRIM,7292,65.85983276367188,480249.9005126953,480.2499005126953,387172.53199494607,92597.11861723656
ATGL.NS,2021-08-02,TRIM,206,887.0501708984375,182732.33520507812,182.73233520507813,229164.52875558822,-46614.92588571517
POONAWALLA.NS,2021-08-02,TRIM,3310,170.7281036376953,565110.0230407715,565.1100230407715,472708.2072079414,91836.7058097893
HINDCOPPER.NS,2021-08-02,TRIM,2375,148.6927490234375,353145.27893066406,353.14527893066406,306242.7305606484,46549.40309108503
ATGL.NS,2021-09-01,TRIM,671,1508.639404296875,1012297.0402832031,1012.2970402832032,746453.3922087364,264831.3510341835
TATAELXSI.NS,2021-09-01,TRIM,76,4604.6005859375,349949.64453125,349.94964453125,305093.36279296875,44506.33209375001
CGPOWER.NS,2021-09-01,TRIM,1736,84.75695037841797,147138.0658569336,147.1380658569336,93578.1266682824,53412.80112279425
ANANTRAJ.NS,2021-10-01,TRIM,1435,75.81473541259766,108794.14531707764,108.79414531707764,77520.06837118181,31165.282800578745
PGEL.NS,2021-10-01,TRIM,2773,40.0992431640625,111195.20129394531,111.19520129394532,106207.28658226637,4876.719510384995
TATAELXSI.NS,2021-10-01,TRIM,35,5491.9013671875,192216.5478515625,192.2165478515625,140503.5223388672,51520.808964843745
CGPOWER.NS,2021-10-01,TRIM,4794,122.7395248413086,588413.2820892334,588.4132820892335,258417.93735469232,329406.9314524518
GPIL.NS,2021-10-01,TRIM,280,313.1081848144531,87670.29174804688,87.67029174804688,67570.17104384433,20012.450412454506
HINDCOPPER.NS,2021-11-01,SELL,13879,125.23426055908205,1738126.3022994997,1738.1263022994997,1712267.5548493173,24120.62114788289
CGPOWER.NS,2021-11-01,TRIM,2557,147.1392364501953,376235.0276031494,376.23502760314943,137833.68081267172,238025.11176287453
PGEL.NS,2021-11-01,TRIM,10011,50.98089599609375,510369.74981689453,510.36974981689457,383426.30579699547,126433.07427008217
GPIL.NS,2021-11-01,TRIM,423,338.701416015625,143270.69897460938,143.2706989746094,102079.22268409339,41048.20559154138
ANANTRAJ.NS,2021-12-01,SELL,28806,64.12806701660156,1847273.0984802246,1847.2730984802247,1645674.8300354185,199750.99534632592
ADANIENSOL.NS,2021-12-01,TRIM,2,1797.1500244140625,3594.300048828125,3.594300048828125,3524.621197753906,66.08455102539074
ATGL.NS,2021-12-01,TRIM,14,1623.7205810546875,22732.088134765625,22.732088134765625,16316.830810450945,6392.525236179914
POONAWALLA.NS,2021-12-01,TRIM,749,186.2039031982422,139466.7234954834,139.4667234954834,110021.99878379764,29305.25798819028
ADANIENT.NS,2021-12-01,TRIM,196,1689.528564453125,331147.5986328125,331.1475986328125,282924.8448670965,47891.6061670832
PGEL.NS,2021-12-01,TRIM,2752,56.18690490722656,154626.3623046875,154.6263623046875,105402.97608164334,49068.75986073946
GPIL.NS,2022-01-03,SELL,6677,270.3060607910156,1804833.5679016113,1804.8335679016113,1637848.63197946,165180.10235424992
POONAWALLA.NS,2022-01-03,TRIM,1144,218.2926788330078,249726.82458496094,249.72682458496095,168044.2811864679,81432.81657390806
PGEL.NS,2022-01-03,TRIM,8520,78.03014373779297,664816.8246459961,664.8168246459961,326320.2602527622,337831.74756858795
ATGL.NS,2022-01-03,TRIM,16,1741.24853515625,27859.9765625,27.8599765625,18647.806640515366,9184.309945422134
CGPOWER.NS,2022-01-03,TRIM,2319,193.716064453125,449227.5534667969,449.2275534667969,133205.03895813538,315573.28695519466
TATAELXSI.NS,2022-02-01,SELL,473,7089.337890625,3353256.822265625,3353.256822265625,1981331.9717597656,1368571.5936835937
POONAWALLA.NS,2022-02-01,TRIM,1549,278.761962890625,431802.2805175781,431.80228051757814,227535.48213097797,203834.99610608257
ADANIENSOL.NS,2022-02-01,TRIM,53,1986.9000244140625,105305.70129394531,105.30570129394532,93257.37077619863,11943.024816452744
JBMA.NS,2022-02-01,TRIM,1179,303.9447937011719,358350.91177368164,358.3509117736817,290199.83211763005,67792.7287442779
ADANIENT.NS,2022-03-02,SELL,1434,1638.1431884765625,2349097.3322753906,2349.0973322753907,2112841.5931392517,233906.64180386346
JSWENERGY.NS,2022-03-02,TRIM,790,330.56689453125,261147.8466796875,261.1478466796875,256470.98453481455,4415.714298193256
ADANIENSOL.NS,2022-03-02,TRIM,95,2241.050048828125,212899.75463867188,212.89975463867188,167159.43818375224,45527.41670028097
PGEL.NS,2022-04-01,SELL,29605,74.91254425048828,2217785.8725357056,2217.7858725357055,1354072.8759253458,861495.210737824
ATGL.NS,2022-04-01,SELL,1251,2246.208740234375,2810007.134033203,2810.0071340332033,1549804.996407463,1257392.1304917068
ANGELONE.NS,2022-04-01,TRIM,175,141.2998809814453,24727.47917175293,24.72747917175293,21412.009706306457,3290.7419862747192
ADANIENSOL.NS,2022-05-02,SELL,1110,2804.449951171875,3112939.4458007812,3112.9394458007814,2016234.4121225686,1093592.094232412
DEEPAKFERT.NS,2022-05-02,SELL,4646,620.5545654296875,2883096.510986328,2883.096510986328,2521107.9867362054,359105.4277391364
ANGELONE.NS,2022-05-02,TRIM,2892,166.7107696533203,482127.54583740234,482.12754583740235,353848.75468936155,127796.66360220336
JBMA.NS,2022-05-02,TRIM,1157,249.4004364013672,288556.30491638184,288.55630491638186,272029.02781716594,16238.720794299501
JSWENERGY.NS,2022-05-02,TRIM,10,297.232421875,2972.32421875,2.97232421875,3185.8678242604547,-216.5159297292048
CGPOWER.NS,2022-05-02,TRIM,575,190.2586212158203,109398.70719909668,109.39870719909668,51284.80935442653,58004.49913747105
POONAWALLA.NS,2022-05-02,TRIM,778,289.787841796875,225454.94091796875,225.45494091796874,132548.9396347849,92680.54634226588
JSWENERGY.NS,2022-06-01,SELL,9652,259.73663330078125,2506977.9846191406,2506.977984619141,3074999.623976191,-570528.6173416697
RPOWER.NS,2022-06-01,SELL,155916,13.199999809265137,2058091.170261383,2058.091170261383,2216221.1774316444,-160188.09834052273
KPITTECH.NS,2022-06-01,TRIM,218,528.2941284179688,115168.11999511719,115.1681199951172,129299.26469926571,-14246.312824143635
TATAELXSI.NS,2022-06-01,TRIM,72,8173.0830078125,588461.9765625,588.4619765625,525138.5514375,62734.96314843744
POONAWALLA.NS,2022-07-01,SELL,9546,228.5274658203125,2181523.188720703,2181.5231887207033,1662808.9803884581,516532.6851435241
ANGELONE.NS,2022-07-01,SELL,14949,111.57112121582033,1667876.691055298,1667.8766910552981,1874574.187531883,-208365.37316764006
BLS.NS,2022-07-01,TRIM,2946,95.96028137207033,282698.9889221192,282.6989889221192,267183.9750413819,15232.314891815186
JBMA.NS,2022-07-01,TRIM,986,216.5813140869141,213549.1756896973,213.5491756896973,229546.81317819664,-16211.186664189037
CGPOWER.NS,2022-07-01,TRIM,1566,188.1347503662109,294619.01907348627,294.6190190734863,141427.78611744236,152896.61393697042
KPITTECH.NS,2022-07-01,TRIM,41,485.2008361816406,19893.234283447266,19.893234283447267,24317.75161775181,-4444.410568587991
TATAELXSI.NS,2022-07-01,TRIM,15,7781.4013671875,116721.0205078125,116.7210205078125,109403.8648828125,7200.434604492184
BSE.NS,2022-08-01,SELL,10511,221.5655517578125,2328875.514526367,2328.875514526367,2051083.9298534547,275462.7091583861
ADANIPOWER.NS,2022-08-01,TRIM,1732,64.37000274658203,111488.84475708008,111.48884475708007,104133.84613978026,7243.509772542733
ATGL.NS,2022-08-01,TRIM,116,3213.242431640625,372736.1220703125,372.7361220703125,276995.2282753906,95368.15767285164
BLS.NS,2022-08-01,TRIM,1227,117.9537353515625,144729.2332763672,144.72923327636718,111281.30936041263,33303.19468267819
CGPOWER.NS,2022-08-01,TRIM,702,222.01776123046875,155856.46838378906,155.85646838378906,63398.66274230174,92301.94917310355
GMDCLTD.NS,2022-08-01,TRIM,1703,151.88462829589844,258659.52198791504,258.65952198791507,257550.78688607202,850.0755798550963
JBMA.NS,2022-09-01,SELL,10972,204.37359619140625,2242387.0974121094,2242.3870974121096,2524246.455174896,-284101.7448601988
KPITTECH.NS,2022-09-01,SELL,5070,555.9599609375,2818717.001953125,2818.717001953125,2990587.5806025984,-174689.29565142654
ADANIPOWER.NS,2022-09-01,TRIM,3345,81.69999694824219,273286.4897918701,273.2864897918701,201112.99961753172,71900.20368454652
ADANIENSOL.NS,2022-09-01,TRIM,22,3880.449951171875,85369.89892578125,85.36989892578126,71830.2585,13454.270526855471
CGPOWER.NS,2022-10-03,SELL,17081,226.80882263183597,3874121.49937439,3874.12149937439,1874819.8462943954,1995427.5315806202
TATAELXSI.NS,2022-10-03,SELL,407,7934.55615234375,3229364.3540039062,3229.364354003906,3038087.1702822265,188047.81936767604
ADANIPOWER.NS,2022-10-03,TRIM,95,70.97000122070312,6742.150115966797,6.742150115966797,5711.729436073398,1023.6785297774322
BDL.NS,2022-10-03,TRIM,1650,427.7121887207031,705725.1113891602,705.7251113891601,669366.495954895,35652.89032287593
PGEL.NS,2022-10-03,TRIM,6954,100.05825805664062,695805.1265258789,695.8051265258789,618180.6397368164,76928.68166253658
BLS.NS,2022-10-03,TRIM,4770,137.87191772460938,657649.0475463867,657.6490475463868,456666.7274032202,200324.67109562008
BLS.NS,2022-11-01,TRIM,1507,163.650634765625,246621.50659179688,246.62150659179687,144276.0499364052,102098.83514879987
ADANIENT.NS,2022-11-01,TRIM,13,3569.205810546875,46399.675537109375,46.399675537109374,41011.32729052734,5341.948571044923
ATGL.NS,2022-11-01,TRIM,98,3676.157470703125,360263.43212890625,360.26343212890623,238734.4242899018,121168.74440687557
BDL.NS,2022-11-01,TRIM,133,472.8565368652344,62889.91940307617,62.88991940307617,53954.99634060669,8872.033143066408
ADANIENSOL.NS,2022-11-01,TRIM,3,3342.449951171875,10027.349853515625,10.027349853515625,9764.04079092465,253.2817127374601
ADANIENSOL.NS,2022-12-01,SELL,947,2834.25,2684034.75,2684.0347500000003,3082182.209668548,-400831.49441854795
PGEL.NS,2022-12-01,SELL,26213,97.86493682861328,2565333.58908844,2565.33358908844,2380144.1581840897,182624.0973152616
BLS.NS,2022-12-01,TRIM,2223,184.75570678710935,410711.9361877441,410.7119361877441,212823.92767659508,197477.29657496125
BDL.NS,2022-12-01,TRIM,70,470.9765625,32968.359375,32.968359375,28397.366495056154,4538.024520568844
ATGL.NS,2022-12-01,TRIM,7,3607.4521484375,25252.1650390625,25.2521650390625,17052.458877850127,8174.45399617331
GMDCLTD.NS,2022-12-01,TRIM,2396,144.24884033203125,345620.2214355469,345.6202214355469,358143.111398491,-12868.510184379702
ADANIENT.NS,2022-12-01,TRIM,137,3907.98974609375,535394.5952148438,535.3945952148438,432196.29529248044,102662.90532714844
GMDCLTD.NS,2023-01-02,SELL,15312,141.220703125,2162371.40625,2162.37140625,2288767.663494864,-128558.62865111418
ATGL.NS,2023-01-02,SELL,788,3545.73681640625,2794040.611328125,2794.040611328125,1919619.6565351288,871626.9141816681
BLS.NS,2023-01-02,TRIM,894,169.57875061035156,151603.4030456543,151.6034030456543,85589.10991582368,65862.68972678497
MAZDOCK.NS,2023-01-02,TRIM,172,382.8946228027344,65857.87512207031,65.85787512207031,76274.63398242187,-10482.616735473639
ADANIPOWER.NS,2023-01-02,TRIM,643,59.630001068115234,38342.090686798096,38.342090686798095,39403.2837372115,-1099.5351411002048
BDL.NS,2023-01-02,TRIM,619,461.4056396484375,285610.0909423828,285.61009094238284,251113.85514913942,34210.62570230104
ADANIENT.NS,2023-01-02,TRIM,83,3834.2236328125,318240.5615234375,318.2405615234375,261841.55116259764,56080.76979931645
HSCL.NS,2023-01-02,TRIM,3073,99.64999389648438,306224.4312438965,306.2244312438965,307906.61819947814,-1988.4113868255517
ADANIPOWER.NS,2023-02-01,SELL,36257,42.52999877929688,1542010.165740967,1542.010165740967,2221842.703670416,-681374.54809519
DEEPAKFERT.NS,2023-02-01,SELL,3667,606.27685546875,2223217.2290039062,2223.217229003906,3068707.2273401488,-847713.2155652465
HSCL.NS,2023-02-01,SELL,23623,89.01404571533203,2102778.8019332886,2102.778801933289,2366963.241694199,-266287.21856284374
MAZDOCK.NS,2023-02-01,TRIM,85,361.85882568359375,30758.00018310547,30.75800018310547,37693.85981689453,-6966.617633972168
BLS.NS,2023-02-01,TRIM,1407,178.13885498046875,250641.36895751953,250.64136895751955,134702.32399503794,115688.40359352407
RVNL.NS,2023-02-01,TRIM,6014,69.70767211914062,419221.9401245117,419.2219401245117,395958.71395341493,22844.004230972263
ADANIENT.NS,2023-03-01,SELL,1372,1561.4591064453125,2142321.8940429688,2142.321894042969,3853454.2232709955,-1713274.65112207
VBL.NS,2023-03-01,SELL,12687,266.1011657714844,3376025.4901428223,3376.0254901428225,2949275.9685549317,423373.4960977477
BDL.NS,2023-03-01,TRIM,35,476.3282470703125,16671.488647460938,16.671488647460937,14201.161920625393,2453.655238188083
GESHIP.NS,2023-04-03,SELL,6390,571.6437377929688,3652803.4844970703,3652.8034844970703,3703253.4502586666,-54102.76924609346
MAZDOCK.NS,2023-04-03,TRIM,288,319.2286682128906,91937.8564453125,91.9378564453125,125376.47700641854,-33530.55841755135
BLS.NS,2023-04-03,TRIM,2402,163.4661407470703,392645.6700744629,392.6456700744629,260315.49313527564,131937.5312691128
KARURVYSYA.NS,2023-04-03,TRIM,5481,79.59810638427734,436277.2210922241,436.2772210922241,454693.8053971449,-18852.861526013003
AEGISLOG.NS,2023-04-03,TRIM,881,362.7427368164063,319576.35113525396,319.57635113525396,311429.46081072994,7827.313973388751
RVNL.NS,2023-04-03,TRIM,18962,72.2983169555664,1370920.6861114502,1370.9206861114503,1200120.7699305154,169428.9954948232
BDL.NS,2023-04-03,TRIM,766,486.1373291015625,372381.1940917969,372.3811940917969,310802.57231997285,61206.24057773221
BDL.NS,2023-05-02,SELL,4690,488.700439453125,2292005.0610351562,2292.0050610351564,1902955.6973638027,386757.3586103185
MAZDOCK.NS,2023-05-02,TRIM,325,379.8582153320313,123453.91998291017,123.45391998291018,141483.8716218265,-18153.405558899234
RVNL.NS,2023-05-02,TRIM,13965,116.24492645263672,1623360.3979110718,1623.360397911072,883856.478856642,737880.5586565186
KALYANKJIL.NS,2023-06-01,SELL,24369,107.82322692871094,2627544.217025757,2627.544217025757,2558457.164584244,66459.50822448684
PGEL.NS,2023-06-01,SELL,19772,165.9727020263672,3281612.264465332,3281.612264465332,2692364.936491699,585965.7157091675
RVNL.NS,2023-06-01,TRIM,369,116.39230346679688,42948.75997924805,42.948759979248045,23354.31727161482,19551.49394765398
KARURVYSYA.NS,2023-06-01,TRIM,1652,85.97550964355469,142031.54193115234,142.03154193115233,136230.48881393805,5659.021575283143
VBL.NS,2023-06-01,TRIM,1281,334.666015625,428707.166015625,428.70716601562503,359162.3151982212,69116.14365138818
BLS.NS,2023-07-03,SELL,14183,209.0077209472656,2964356.506195068,2964.356506195068,1645293.9968153588,1316098.1528735142
AEGISLOG.NS,2023-07-03,SELL,8753,317.118896484375,2775741.7009277344,2775.7417009277347,3059052.7502324833,-286086.7910056766
MAZDOCK.NS,2023-07-03,TRIM,1815,626.2633666992188,1136668.010559082,1136.668010559082,788427.2892850027,347104.0532635201
VBL.NS,2023-08-01,SELL,12186,317.3085632324219,3866722.151550293,3866.722151550293,3525790.7487065326,337064.68069220986
IRCON.NS,2023-08-01,SELL,43103,93.97825622558594,4050744.7780914307,4050.744778091431,3413396.5065395506,633297.5267737885
MAZDOCK.NS,2023-08-01,TRIM,521,903.493408203125,470720.0656738281,470.7200656738281,226319.89956886307,243929.44603929124
KARURVYSYA.NS,2023-09-01,SELL,52687,98.63893127441406,5196989.372055054,5196.9893720550535,4644309.232528381,547483.1501546176
DATAPATTNS.NS,2023-09-01,SELL,2327,2452.053955078125,5705929.553466797,5705.929553466797,4052026.047527466,1648197.576385864
RVNL.NS,2023-09-01,TRIM,1513,135.89747619628906,205612.88148498535,205.61288148498537,125072.0346952484,80335.23390825196
JBMA.NS,2023-09-01,TRIM,373,748.4521484375,279172.6513671875,279.1726513671875,260773.9673112793,18119.511404541
NEULANDLAB.NS,2023-09-01,TRIM,24,3775.339599609375,90608.150390625,90.608150390625,69079.07590594035,21438.46633429402
MAZDOCK.NS,2023-10-03,TRIM,770,1066.3131103515625,821061.0949707031,821.0610949707032,359061.03775209165,461178.9961236408
RVNL.NS,2023-10-03,TRIM,8327,169.87319946289062,1414534.1319274902,1414.5341319274903,688350.8479228904,724768.7498726724
SUZLON.NS,2023-10-03,TRIM,5449,26.950000762939453,146850.55415725708,146.85055415725708,136361.225,10342.478603099822
ANANTRAJ.NS,2023-10-03,TRIM,432,220.8495941162109,95407.02465820311,95.40702465820311,68020.11620291417,27291.501430630742
PFC.NS,2023-10-03,TRIM,12271,220.7539520263672,2708871.7453155518,2708.871745315552,2225019.440763382,481143.4328068546
ANANTRAJ.NS,2023-11-01,SELL,21404,237.87631225585935,5091504.587524413,5091.504587524413,3370144.8314980897,1716268.2514387988
MAZDOCK.NS,2023-12-01,SELL,5131,988.88037109375,5073945.184082031,5073.945184082031,3203022.533186513,1865848.7057114365
RVNL.NS,2023-12-01,SELL,29317,162.48741149902344,4763643.44291687,4763.64344291687,3058905.0656657014,1699974.733808252
NEULANDLAB.NS,2023-12-01,SELL,1046,5347.0537109375,5593018.181640625,5593.018181640625,3014094.1727671553,2573330.990691829
FORCEMOT.NS,2023-12-01,SELL,1771,3336.982421875,5909795.869140625,5909.795869140625,6504259.512727539,-600373.4394560549
SUZLON.NS,2023-12-01,TRIM,17209,39.400001525878906,678034.6262588501,678.0346262588502,447516.8564653246,229839.73516726663
PFC.NS,2023-12-01,TRIM,9993,325.7831726074219,3255551.243865967,3255.551243865967,1887463.1851873144,1364832.5074347865
JBMA.NS,2024-01-01,SELL,9528,807.9622802734375,7698264.6064453125,7698.264606445313,6313979.449426575,1376586.8924122928
KAYNES.NS,2024-01-01,TRIM,198,2669.050048828125,528471.9096679688,528.4719096679688,482513.03099999996,45430.406758300844
PFC.NS,2024-01-01,TRIM,2495,352.45965576171875,879386.8411254883,879.3868411254883,471251.94106297905,407255.5132213838
BSE.NS,2024-02-01,TRIM,610,821.8296508789062,501316.0870361328,501.31608703613284,494413.71518328186,6401.055765814788
SUZLON.NS,2024-02-01,TRIM,21660,48.20000076293945,1044012.0165252686,1044.0120165252686,598911.7680745932,444056.23643415014
PFC.NS,2024-02-01,TRIM,1489,397.6937561035156,592166.0028381348,592.1660028381348,281240.13636985,310333.70046544657
NEULANDLAB.NS,2024-02-01,TRIM,118,6215.22265625,733396.2734375,733.3962734375,621222.8190136718,111440.05815039063
KAYNES.NS,2024-03-01,SELL,2886,2945.5,8500713.0,8500.713,7051604.607655029,1440607.6793449717
KALYANKJIL.NS,2024-03-01,SELL,21652,397.393798828125,8604370.532226562,8604.370532226563,7238430.037522767,1357336.12417157
NEULANDLAB.NS,2024-03-01,SELL,1080,7236.5654296875,7815490.6640625,7815.4906640625,5685768.174023437,2121906.9993750006
PFC.NS,2024-04-01,SELL,36674,363.6973876953125,13338237.99633789,13338.237996337892,9495510.84720624,3829388.911135312
BSE.NS,2024-04-01,TRIM,1230,893.1704711914062,1098599.6795654297,1098.5996795654298,978676.0387714256,118825.04111443856
GVT&D.NS,2024-05-02,TRIM,5312,1140.8648681640625,6060274.1796875,6060.2741796875,4981344.380517258,1072869.524990554
BSE.NS,2024-05-02,TRIM,4433,942.2307739257812,4176909.0208129883,4176.909020812988,3527212.097458317,645520.0143338582
SUZLON.NS,2024-05-02,TRIM,56747,41.70000076293945,2366349.943294525,2366.349943294525,2007944.9557805778,356038.63757065265
IRFC.NS,2024-05-02,TRIM,20152,153.50167846679688,3093365.8244628906,3093.3658244628905,2821695.4947822266,268576.96385620115
KALYANKJIL.NS,2024-07-01,SELL,25033,494.9390258789063,12389808.634826662,12389.808634826662,10265779.364172364,2111639.4620194715
SUZLON.NS,2024-08-01,SELL,206159,67.9800033569336,14014689.512062073,14014.689512062074,7316732.571683239,6683942.250866771
GVT&D.NS,2024-08-01,TRIM,2075,1655.181640625,3434501.904296875,3434.501904296875,2215142.0397606036,1215925.3626319747
IRFC.NS,2024-08-01,TRIM,17280,183.3325958251953,3167987.255859375,3167.987255859375,2541818.6582577704,623000.6103457455
FORCEMOT.NS,2024-08-01,TRIM,229,9139.609375,2092970.546875,2092.970546875,2114871.5600407883,-23993.983712663176
BSE.NS,2024-08-01,TRIM,2798,876.0053100585938,2451062.8575439453,2451.0628575439455,2306167.4124946264,142444.3821917749
FORCEMOT.NS,2024-09-02,SELL,1139,8268.89453125,9418270.87109375,9418.27087109375,10518946.318281475,-1110093.718058819
GVT&D.NS,2024-09-02,TRIM,735,1684.3870849609375,1238024.507446289,1238.0245074462891,784640.6743248403,452145.80861400254
NBCC.NS,2024-09-02,TRIM,11045,122.17794036865234,1349455.3513717651,1349.4553513717651,1292478.1635619735,55627.732458419865
BSE.NS,2024-09-02,TRIM,1620,916.3878784179688,1484548.3630371094,1484.5483630371093,1335236.314596603,147827.50007746927
BSE.NS,2024-10-01,SELL,11284,1278.8865966796875,14430956.356933594,14430.956356933593,9300497.885128437,5116027.515448224
IRFC.NS,2024-10-01,SELL,50642,150.64675903320312,7629053.170959473,7629.0531709594725,7484234.572264416,137189.54552409705
WOCKPHARMA.NS,2024-10-01,TRIM,2559,968.7999877929688,2479159.168762207,2479.159168762207,2684898.1283880617,-208218.11879461678
GVT&D.NS,2024-10-01,TRIM,2266,1678.71142578125,3803960.0908203125,3803.9600908203124,2419041.861251821,1381114.2694776715
COCHINSHIP.NS,2024-10-01,TRIM,1074,1685.61572265625,1810351.2861328125,1810.3512861328124,2549487.5646349597,-740946.62978828
NBCC.NS,2024-10-01,TRIM,21154,117.76506042480467,2491202.088226318,2491.2020882263178,2475426.2627424165,13284.623395675328
NBCC.NS,2024-11-01,SELL,51069,98.0046615600586,5005000.061210632,5005.000061210632,5976058.608867941,-976063.5477185193
OIL.NS,2024-11-01,SELL,14247,449.4624633789063,6403491.715759278,6403.491715759278,7707458.038614808,-1310369.8145712884
WOCKPHARMA.NS,2024-11-01,TRIM,931,1250.199951171875,1163936.1545410156,1163.9361545410156,976803.5004022217,185968.71798425284
NEULANDLAB.NS,2024-11-01,TRIM,61,14521.962890625,885839.736328125,885.839736328125,761726.4938486328,123227.4027431641
COCHINSHIP.NS,2024-12-02,SELL,4243,1641.8875732421875,6966528.973266602,6966.5289732666015,9330068.38192412,-2370505.9376307856
PGEL.NS,2024-12-02,SELL,11631,747.8203735351562,8697898.764587402,8697.898764587402,7461384.447729126,1227816.4180936888
GVT&D.NS,2024-12-02,TRIM,478,1761.0565185546875,841785.0158691406,841.7850158691407,533133.8613049715,307809.36954829993
WOCKPHARMA.NS,2024-12-02,TRIM,962,1427.75,1373495.5,1373.4955,1009328.6438098145,362793.36069018557
NETWEB.NS,2024-12-02,TRIM,367,2783.0908203125,1021394.3310546875,1021.3943310546875,922915.6553481148,97457.28137551807
RVNL.NS,2024-12-02,TRIM,443,432.0697937011719,191406.91860961914,191.40691860961914,225678.41507045343,-34462.90337944392
TRENT.NS,2024-12-02,TRIM,72,6791.33740234375,488976.29296875,488.97629296875,542800.205174854,-54312.88849907275
NEULANDLAB.NS,2024-12-02,TRIM,111,16603.091796875,1842943.189453125,1842.9431894531251,1386092.4724130859,455007.77385058603
TRENT.NS,2025-01-01,SELL,1470,7053.54833984375,10368716.059570312,10368.716059570314,11082170.855653271,-723823.5121425297
NETWEB.NS,2025-01-01,SELL,2742,2884.654296875,7909722.08203125,7909.7220820312505,6895462.471292999,1006349.8886562204
INOXWIND.NS,2025-01-01,SELL,31975,187.3500061035156,5990516.445159911,5990.516445159911,6431801.528572464,-447275.5998577131
GVT&D.NS,2025-01-01,TRIM,528,2040.0037841796875,1077121.998046875,1077.121998046875,588901.0016088389,487143.8744399891
OFSS.NS,2025-01-01,TRIM,8,11715.6044921875,93724.8359375,93.7248359375,91115.508859375,2515.6022421875095
RVNL.NS,2025-02-01,SELL,14394,428.6096801757813,6169407.736450196,6169.407736450196,7283094.784744397,-1119856.456030651
GODFRYPHLP.NS,2025-02-01,SELL,3797,1619.623291015625,6149709.635986328,6149.709635986328,7014840.235357055,-871280.3090067133
OFSS.NS,2025-02-01,SELL,672,8249.12890625,5543414.625,5543.414625,7653702.744187499,-2115831.5338124996
WOCKPHARMA.NS,2025-02-01,TRIM,388,1558.550048828125,604717.4189453125,604.7174189453125,412308.59492874437,191804.10659762286
GVT&D.NS,2025-03-03,SELL,4594,1306.2176513671875,6000763.890380859,6000.763890380859,5489137.94625181,505625.1802386688
NEULANDLAB.NS,2025-03-03,SELL,476,10459.29296875,4978623.453125,4978.623453125,6079061.308632812,-1105416.4789609378
POLICYBZR.NS,2025-03-03,SELL,4912,1451.8499755859375,7131487.080078125,7131.4870800781255,10130643.88603357,-3006288.293035524
JYOTICNC.NS,2025-03-03,SELL,6373,770.75,4911989.75,4911.98975,6572986.814803589,-1665909.0545535889
ANANTRAJ.NS,2025-03-03,SELL,10560,449.0208435058594,4741660.107421875,4741.660107421875,6729076.299257812,-1992157.8519433588
PGEL.NS,2025-03-03,TRIM,1707,806.0946655273438,1376003.5940551758,1376.0035940551759,1690584.2044851985,-315956.6140240778
DIXON.NS,2025-03-03,TRIM,108,14045.4990234375,1516913.89453125,1516.91389453125,1912071.0148822672,-396674.03424554854
PGEL.NS,2025-04-01,TRIM,8,901.2027587890624,7209.622070312499,7.209622070312499,7923.065984699231,-720.6535364570445
SARDAEN.NS,2025-04-01,TRIM,438,524.71484375,229825.1015625,229.8251015625,195789.58135308838,33805.69510784911
MAZDOCK.NS,2025-04-01,TRIM,182,2555.10009765625,465028.2177734375,465.0282177734375,388697.79532568355,75865.39422998053
DEEPAKFERT.NS,2025-04-01,TRIM,439,1086.7025146484375,477062.40393066406,477.06240393066406,402005.06800311274,74580.27352362068
BSE.NS,2025-04-01,TRIM,517,1811.4991455078125,936545.0582275391,936.5450582275391,747695.5731362305,187912.9400330811
WOCKPHARMA.NS,2025-04-01,TRIM,409,1447.9000244140625,592191.1099853516,592.1911099853515,436692.80969195877,154906.10918340745
PAYTM.NS,2025-04-01,TRIM,4,801.0999755859375,3204.39990234375,3.20439990234375,2908.7058488769535,292.48965356445296
WOCKPHARMA.NS,2025-05-02,SELL,4224,1300.800048828125,5494579.40625,5494.57940625,4510001.046794214,979083.7800495354
DIXON.NS,2025-05-02,SELL,582,16401.701171875,9545790.08203125,9545.79008203125,9883888.574594295,-347644.2826450765
BSE.NS,2025-05-02,SELL,2883,2093.531005859375,6035649.889892578,6035.649889892578,4169451.3295004885,1860162.9105021968
AEGISLOG.NS,2025-05-02,SELL,6997,762.8939208984375,5337968.764526367,5337.9687645263675,5389494.040900207,-56863.24513836671
PGEL.NS,2025-06-02,TRIM,228,789.9017944335938,180097.60913085938,180.09760913085938,217018.62883877556,-37101.11731704706
PAYTM.NS,2025-06-02,TRIM,1393,924.3499755859376,1287619.5159912112,1287.6195159912113,1035027.3573884731,251304.53908674675
DEEPAKFERT.NS,2025-06-02,TRIM,1252,1459.71875,1827567.875,1827.567875,1179136.05327578,646604.25384922
GODFRYPHLP.NS,2025-06-02,TRIM,125,2721.900390625,340237.548828125,340.237548828125,341309.5660095215,-1412.2547302246094
SARDAEN.NS,2025-06-02,TRIM,307,431.209228515625,132381.23315429688,132.38123315429686,136654.91370852682,-4406.061787384242
MAZDOCK.NS,2025-06-02,TRIM,305,3357.505615234375,1024039.2126464844,1024.0392126464844,662755.5585001257,360259.6149337123
KAYNES.NS,2025-06-02,TRIM,12,5821.0,69852.0,69.852,69153.084,629.0639999999985
AMBER.NS,2025-06-02,TRIM,123,6382.0,784986.0,784.986,761885.1240000001,22315.889999999898
AMBER.NS,2025-07-01,SELL,1085,7083.0,7685055.0,7685.055,6720693.98,956675.9649999999
KAYNES.NS,2025-07-01,SELL,1179,6140.5,7239649.5,7239.6495,6794290.5030000005,438119.3474999992
BSE.NS,2025-07-01,TRIM,49,2767.80810546875,135622.59716796875,135.62259716796876,131756.5590161133,3730.415554687497
DEEPAKFERT.NS,2025-07-01,TRIM,480,1719.3756103515625,825300.29296875,825.30029296875,452064.9405530148,372410.05212276644
GODFRYPHLP.NS,2025-07-01,TRIM,90,2880.13916015625,259212.5244140625,259.2125244140625,245742.88752685545,13210.424362792983
MAZDOCK.NS,2025-08-01,SELL,2027,2700.091064453125,5473084.587646484,5473.084587646485,4705693.473246456,761918.0298123816
GODFRYPHLP.NS,2025-08-01,TRIM,191,2851.870849609375,544707.3322753906,544.7073322753906,521521.0168625488,22641.60808056651
WOCKPHARMA.NS,2025-08-01,TRIM,46,1612.4000244140625,74170.40112304688,74.17040112304687,77237.56152416993,-3141.3308022460988
DEEPAKFERT.NS,2025-08-01,TRIM,42,1536.935302734375,64551.28271484375,64.55128271484375,39555.68229838879,24931.049133740118
PAYTM.NS,2025-08-01,TRIM,1717,1076.4000244140625,1848178.8419189453,1848.1788419189454,1286463.114226705,559867.5488503214
PGEL.NS,2025-08-01,TRIM,1255,778.3069458007812,976775.2169799805,976.7752169799805,1160107.353314619,-184308.9115516186
SARDAEN.NS,2025-08-01,TRIM,2065,436.5254211425781,901424.9946594238,901.4249946594239,918605.467725722,-18081.898060957552
PGEL.NS,2025-09-01,SELL,7392,554.7055053710938,4100383.095703125,4100.383095703125,6833078.530439574,-2736795.8178321524
SARDAEN.NS,2025-09-01,SELL,17026,598.9022827148438,10196910.26550293,10196.91026550293,7573935.4447932895,2612777.9104441367
RPOWER.NS,2025-09-01,SELL,111440,44.040000915527344,4907817.702026367,4907.817702026367,7391372.598255489,-2488462.713931148
ASTERDM.NS,2025-09-01,SELL,17669,602.5606689453125,10646644.459594727,10646.644459594727,10467271.68119934,168726.13393579237
PAYTM.NS,2025-09-01,TRIM,904,1235.800048828125,1117163.244140625,1117.163244140625,677322.4550151086,438723.62588137586
GODFRYPHLP.NS,2025-09-01,TRIM,368,3453.388427734375,1270846.94140625,1270.84694140625,1004815.362332031,264760.73213281285
DEEPAKFERT.NS,2025-10-01,SELL,4698,1536.6190185546875,7219036.149169922,7219.036149169922,4608553.873469862,2603263.2395508895
POWERINDIA.NS,2025-10-01,SELL,315,18129.671875,5710846.640625,5710.846640625,5971271.038154297,-266135.2441699216
BSE.NS,2025-11-03,SELL,3164,2541.60400390625,8041635.068359375,8041.6350683593755,7947618.028936523,85975.4043544922
WOCKPHARMA.NS,2025-11-03,SELL,4387,1413.800048828125,6202340.814208984,6202.340814208985,7219718.788508789,-1023580.3151140129
AMBER.NS,2025-11-03,SELL,857,7957.5,6819577.5,6819.5775,6604362.2645,208395.65800000075
FORCEMOT.NS,2025-11-03,TRIM,51,18442.0,940542.0,940.542,945772.7705782639,-6171.312578263925
GVT&D.NS,2025-11-03,TRIM,392,3163.3701171875,1240041.0859375,1240.0410859375,1202843.3800195311,35957.664832031354
LAURUSLABS.NS,2025-11-03,TRIM,2059,974.4298706054688,2006351.1035766602,2006.3511035766603,1772334.1456764904,232010.60679659317
GODFRYPHLP.NS,2025-11-03,TRIM,19,3046.404052734375,57881.677001953125,57.88167700195313,54153.2649962405,3670.5303287106726
PAYTM.NS,2025-11-03,TRIM,715,1274.800048828125,911482.0349121094,911.4820349121094,604575.2580175122,305995.2948596851
PAYTM.NS,2025-12-01,SELL,6292,1367.800048828125,8606197.907226562,8606.197907226562,5320262.270554107,3277329.4387652297
GRSE.NS,2025-12-01,SELL,2221,2727.4306640625,6057623.5048828125,6057.623504882813,5694058.696009278,357507.1853686515
