Date,Ticker,Action,Shares,Price,Trade_Value,Fee
2021-01-01,ADANIGREEN.NS,BUY,972,1065.949951171875,1036103.3525390625,1036.1033525390626
2021-01-01,LAURUSLABS.NS,BUY,3013,347.10614013671875,1045830.8002319336,1045.8308002319336
2021-01-01,CGPOWER.NS,BUY,20666,44.10720443725586,911519.4869003296,911.5194869003296
2021-01-01,DIXON.NS,BUY,422,2718.45556640625,1147188.2490234375,1147.1882490234375
2021-01-01,PGEL.NS,BUY,62432,13.769438743591309,859653.5996398926,859.6535996398926
2021-01-01,NAVINFLUOR.NS,BUY,410,2594.404541015625,1063705.8618164062,1063.7058618164062
2021-01-01,TATACOMM.NS,BUY,1033,1011.3457641601562,1044720.1743774414,1044.7201743774415
2021-01-01,NEULANDLAB.NS,BUY,785,1075.593505859375,844340.9020996094,844.3409020996094
2021-01-01,AFFLE.NS,BUY,1338,773.4299926757812,1034849.3302001953,1034.8493302001953
2021-02-01,PGEL.NS,SELL,62432,18.19104766845703,1135703.4880371094,1135.7034880371093
2021-02-01,ADANIGREEN.NS,BUY,90,1024.25,92182.5,92.1825
2021-02-01,CGPOWER.NS,BUY,3400,39.95825958251953,135858.0825805664,135.85808258056642
2021-02-01,LAURUSLABS.NS,BUY,57,343.8648986816406,19600.299224853516,19.600299224853515
2021-02-01,DIXON.NS,TRIM,40,3029.437744140625,121177.509765625,121.177509765625
2021-02-01,TATACOMM.NS,BUY,125,908.4188232421876,113552.35290527345,113.55235290527345
2021-02-01,NEULANDLAB.NS,TRIM,143,1313.2933349609375,187800.94689941406,187.80094689941407
2021-02-01,AFFLE.NS,BUY,56,763.030029296875,42729.681640625,42.729681640625
2021-02-01,NAVINFLUOR.NS,BUY,65,2307.197265625,149967.822265625,149.96782226562502
2021-02-01,PATANJALI.NS,BUY,4718,196.36387634277344,926444.7685852051,926.4447685852051
2021-03-01,NAVINFLUOR.NS,SELL,475,2613.87939453125,1241592.7124023438,1241.5927124023438
2021-03-01,AFFLE.NS,SELL,1394,1070.0999755859375,1491719.3659667969,1491.7193659667969
2021-03-01,PATANJALI.NS,BUY,422,237.0065155029297,100016.74954223633,100.01674954223633
2021-03-01,ADANIGREEN.NS,BUY,186,1141.0,212226.0,212.226
2021-03-01,CGPOWER.NS,TRIM,1986,56.15888977050781,111531.55508422852,111.53155508422851
2021-03-01,LAURUSLABS.NS,BUY,615,357.64129638671875,219949.39727783203,219.94939727783205
2021-03-01,DIXON.NS,TRIM,14,3888.226318359375,54435.16845703125,54.43516845703125
2021-03-01,NEULANDLAB.NS,TRIM,139,2022.052490234375,281065.2961425781,281.0652961425781
2021-03-01,TATACOMM.NS,BUY,114,1030.0093994140625,117421.07153320312,117.42107153320313
2021-03-01,ANANTRAJ.NS,BUY,18035,51.42208480834961,927397.2995185852,927.3972995185852
2021-03-01,TATAELXSI.NS,BUY,553,2458.5849609375,1359597.4833984375,1359.5974833984376
2021-04-01,PATANJALI.NS,SELL,5140,217.7836456298828,1119407.9385375977,1119.4079385375976
2021-04-01,TATAELXSI.NS,SELL,553,2599.08740234375,1437295.3334960938,1437.2953334960937
2021-04-01,CGPOWER.NS,TRIM,3060,67.91422271728516,207817.52151489258,207.81752151489258
2021-04-01,ADANIGREEN.NS,BUY,23,1160.050048828125,26681.151123046875,26.681151123046874
2021-04-01,NEULANDLAB.NS,BUY,8,2155.5771484375,17244.6171875,17.2446171875
2021-04-01,ANANTRAJ.NS,BUY,134,55.32818984985352,7413.977439880372,7.413977439880372
2021-04-01,LAURUSLABS.NS,BUY,225,359.21466064453125,80823.29864501953,80.82329864501953
2021-04-01,DIXON.NS,BUY,83,3580.24755859375,297160.54736328125,297.16054736328124
2021-04-01,TATACOMM.NS,BUY,79,1037.4935302734375,81961.98889160156,81.96198889160156
2021-04-01,PGEL.NS,BUY,31112,39.00508117675781,1213526.085571289,1213.526085571289
2021-04-01,HINDCOPPER.NS,BUY,9160,122.0155258178711,1117662.2164916992,1117.6622164916992
2021-05-03,LAURUSLABS.NS,SELL,3910,469.29974365234375,1834961.997680664,1834.9619976806641
2021-05-03,TATACOMM.NS,SELL,1351,1020.5390625,1378748.2734375,1378.7482734375
2021-05-03,PGEL.NS,BUY,8033,32.32020950317383,259628.24293899536,259.62824293899536
2021-05-03,CGPOWER.NS,BUY,490,72.16195678710938,35359.358825683594,35.35935882568359
2021-05-03,ANANTRAJ.NS,BUY,2123,51.61986541748047,109588.97428131104,109.58897428131104
2021-05-03,ADANIGREEN.NS,BUY,215,1036.5,222847.5,222.8475
2021-05-03,NEULANDLAB.NS,TRIM,53,2610.013427734375,138330.71166992188,138.33071166992187
2021-05-03,HINDCOPPER.NS,TRIM,1572,150.44207763671875,236494.94604492188,236.49494604492187
2021-05-03,DIXON.NS,TRIM,41,4241.70654296875,173909.96826171875,173.90996826171875
2021-05-03,ATGL.NS,BUY,1010,1235.1552734375,1247506.826171875,1247.506826171875
2021-05-03,ADANIENT.NS,BUY,1203,1251.9478759765625,1506093.2947998047,1506.0932947998047
2021-06-01,ADANIGREEN.NS,SELL,1486,1271.050048828125,1888780.3725585938,1888.7803725585939
2021-06-01,ADANIENT.NS,SELL,1203,1412.1866455078125,1698860.5345458984,1698.8605345458984
2021-06-01,CGPOWER.NS,BUY,11,82.92943572998047,912.2237930297852,0.9122237930297852
2021-06-01,ATGL.NS,TRIM,48,1438.219482421875,69034.53515625,69.03453515625
2021-06-01,PGEL.NS,TRIM,5407,41.10346984863281,222246.46147155762,222.2464614715576
2021-06-01,ANANTRAJ.NS,BUY,179,56.8609619140625,10178.112182617188,10.178112182617188
2021-06-01,NEULANDLAB.NS,BUY,181,2044.939453125,370134.041015625,370.13404101562503
2021-06-01,HINDCOPPER.NS,BUY,399,158.0225067138672,63050.98017883301,63.05098017883301
2021-06-01,DIXON.NS,BUY,72,4098.4677734375,295089.6796875,295.0896796875
2021-06-01,POONAWALLA.NS,BUY,9467,141.35873413085938,1338243.1360168457,1338.2431360168457
2021-06-01,GPIL.NS,BUY,7149,225.45751953125,1611795.8071289062,1611.7958071289063
2021-07-01,DIXON.NS,SELL,482,4401.90673828125,2121719.0478515625,2121.7190478515627
2021-07-01,NEULANDLAB.NS,SELL,639,2165.755126953125,1383917.5261230469,1383.9175261230469
2021-07-01,ATGL.NS,BUY,828,967.4822998046876,801075.3442382814,801.0753442382813
2021-07-01,PGEL.NS,BUY,11116,41.48817825317383,461182.5894622803,461.1825894622803
2021-07-01,CGPOWER.NS,BUY,7629,78.3853530883789,598001.8587112427,598.0018587112427
2021-07-01,POONAWALLA.NS,BUY,2601,147.4402618408203,383492.12104797363,383.4921210479736
2021-07-01,ANANTRAJ.NS,BUY,5895,58.34429168701172,343939.5994949341,343.9395994949341
2021-07-01,GPIL.NS,TRIM,1012,321.40625,325263.125,325.263125
2021-07-01,HINDCOPPER.NS,BUY,3970,138.87709045410156,551342.0491027832,551.3420491027832
2021-08-02,PGEL.NS,TRIM,2640,36.90169525146485,97420.4754638672,97.4204754638672
2021-08-02,CGPOWER.NS,TRIM,3701,78.1384048461914,289190.2363357544,289.1902363357544
2021-08-02,GPIL.NS,TRIM,2093,402.68463134765625,842818.9334106445,842.8189334106446
2021-08-02,ANANTRAJ.NS,TRIM,7292,65.85983276367188,480249.9005126953,480.2499005126953
2021-08-02,ATGL.NS,TRIM,206,887.0501708984375,182732.33520507812,182.73233520507813
2021-08-02,POONAWALLA.NS,TRIM,3310,170.7281036376953,565110.0230407715,565.1100230407715
2021-08-02,HINDCOPPER.NS,TRIM,2375,148.6927490234375,353145.27893066406,353.14527893066406
2021-08-02,ADANIENT.NS,BUY,1172,1434.99658203125,1681815.994140625,1681.815994140625
2021-08-02,TATAELXSI.NS,BUY,532,4010.3759765625,2133520.01953125,2133.52001953125
2021-09-01,PGEL.NS,BUY,3063,33.76410675048828,103419.4589767456,103.4194589767456
2021-09-01,GPIL.NS,BUY,1763,276.91827392578125,488206.91693115234,488.20691693115236
2021-09-01,ATGL.NS,TRIM,671,1508.639404296875,1012297.0402832031,1012.2970402832032
2021-09-01,ANANTRAJ.NS,BUY,1912,63.18983459472656,120818.96374511719,120.81896374511719
2021-09-01,ADANIENT.NS,BUY,42,1561.7138671875,65591.982421875,65.591982421875
2021-09-01,POONAWALLA.NS,BUY,359,169.04702758789062,60687.882904052734,60.687882904052735
2021-09-01,HINDCOPPER.NS,BUY,2337,113.9977798461914,266412.8115005493,266.4128115005493
2021-09-01,TATAELXSI.NS,TRIM,76,4604.6005859375,349949.64453125,349.94964453125
2021-09-01,CGPOWER.NS,TRIM,1736,84.75695037841797,147138.0658569336,147.1380658569336
2021-10-01,ATGL.NS,BUY,162,1421.5169677734375,230285.74877929688,230.28574877929688
2021-10-01,ADANIENT.NS,BUY,242,1455.450927734375,352219.12451171875,352.21912451171875
2021-10-01,POONAWALLA.NS,BUY,1391,162.0260772705078,225378.27348327637,225.37827348327636
2021-10-01,ANANTRAJ.NS,TRIM,1435,75.81473541259766,108794.14531707764,108.79414531707764
2021-10-01,PGEL.NS,TRIM,2773,40.0992431640625,111195.20129394531,111.19520129394532
2021-10-01,TATAELXSI.NS,TRIM,35,5491.9013671875,192216.5478515625,192.2165478515625
2021-10-01,CGPOWER.NS,TRIM,4794,122.7395248413086,588413.2820892334,588.4132820892335
2021-10-01,GPIL.NS,TRIM,280,313.1081848144531,87670.29174804688,87.67029174804688
2021-10-01,HINDCOPPER.NS,BUY,1960,107.05823516845705,209834.1409301758,209.8341409301758
2021-11-01,HINDCOPPER.NS,SELL,13879,125.23426055908205,1738126.3022994997,1738.1263022994997
2021-11-01,ATGL.NS,BUY,25,1432.75048828125,35818.76220703125,35.81876220703125
2021-11-01,ADANIENT.NS,BUY,24,1442.080810546875,34609.939453125,34.609939453125
2021-11-01,POONAWALLA.NS,BUY,275,170.13479614257812,46787.068939208984,46.787068939208986
2021-11-01,CGPOWER.NS,TRIM,2557,147.1392364501953,376235.0276031494,376.23502760314943
2021-11-01,ANANTRAJ.NS,BUY,9255,63.63287353515625,588922.2445678711,588.9222445678711
2021-11-01,PGEL.NS,TRIM,10011,50.98089599609375,510369.74981689453,510.36974981689457
2021-11-01,GPIL.NS,TRIM,423,338.701416015625,143270.69897460938,143.2706989746094
2021-11-01,TATAELXSI.NS,BUY,1,5673.67333984375,5673.67333984375,5.67367333984375
2021-11-01,JSWENERGY.NS,BUY,6009,333.58843994140625,2004532.9356079102,2004.5329356079103
2021-11-01,ADANIENSOL.NS,BUY,1057,1760.550048828125,1860901.4016113281,1860.901401611328
2021-12-01,ANANTRAJ.NS,SELL,28806,64.12806701660156,1847273.0984802246,1847.2730984802247
2021-12-01,JSWENERGY.NS,BUY,794,294.01593017578125,233448.6485595703,233.44864855957033
2021-12-01,ADANIENSOL.NS,TRIM,2,1797.1500244140625,3594.300048828125,3.594300048828125
2021-12-01,ATGL.NS,TRIM,14,1623.7205810546875,22732.088134765625,22.732088134765625
2021-12-01,TATAELXSI.NS,BUY,15,5587.48876953125,83812.33154296875,83.81233154296875
2021-12-01,CGPOWER.NS,BUY,554,148.96676635742188,82527.58856201172,82.52758856201172
2021-12-01,POONAWALLA.NS,TRIM,749,186.2039031982422,139466.7234954834,139.4667234954834
2021-12-01,ADANIENT.NS,TRIM,196,1689.528564453125,331147.5986328125,331.1475986328125
2021-12-01,GPIL.NS,BUY,1573,257.93719482421875,405735.2074584961,405.7352074584961
2021-12-01,PGEL.NS,TRIM,2752,56.18690490722656,154626.3623046875,154.6263623046875
2022-01-03,GPIL.NS,SELL,6677,270.3060607910156,1804833.5679016113,1804.8335679016113
2022-01-03,POONAWALLA.NS,TRIM,1144,218.2926788330078,249726.82458496094,249.72682458496095
2022-01-03,JSWENERGY.NS,BUY,565,291.4330139160156,164659.65286254883,164.65965286254882
2022-01-03,PGEL.NS,TRIM,8520,78.03014373779297,664816.8246459961,664.8168246459961
2022-01-03,ADANIENSOL.NS,BUY,108,1731.0999755859375,186958.79736328125,186.95879736328126
2022-01-03,ATGL.NS,TRIM,16,1741.24853515625,27859.9765625,27.8599765625
2022-01-03,ADANIENT.NS,BUY,78,1713.3251953125,133639.365234375,133.639365234375
2022-01-03,CGPOWER.NS,TRIM,2319,193.716064453125,449227.5534667969,449.2275534667969
2022-01-03,TATAELXSI.NS,BUY,36,5597.17578125,201498.328125,201.498328125
2022-01-03,JBMA.NS,BUY,7871,245.89476013183597,1935437.656997681,1935.437656997681
2022-02-01,TATAELXSI.NS,SELL,473,7089.337890625,3353256.822265625,3353.256822265625
2022-02-01,CGPOWER.NS,BUY,2741,171.8353271484375,471000.6317138672,471.0006317138672
2022-02-01,PGEL.NS,BUY,1933,76.73114776611328,148321.30863189697,148.32130863189698
2022-02-01,POONAWALLA.NS,TRIM,1549,278.761962890625,431802.2805175781,431.80228051757814
2022-02-01,ATGL.NS,BUY,5,1861.921630859375,9309.608154296875,9.309608154296875
2022-02-01,JSWENERGY.NS,BUY,535,299.9615478515625,160479.42810058594,160.47942810058595
2022-02-01,ADANIENSOL.NS,TRIM,53,1986.9000244140625,105305.70129394531,105.30570129394532
2022-02-01,ADANIENT.NS,BUY,72,1743.0091552734375,125496.6591796875,125.4966591796875
2022-02-01,JBMA.NS,TRIM,1179,303.9447937011719,358350.91177368164,358.3509117736817
2022-02-01,KPITTECH.NS,BUY,3850,604.0030517578125,2325411.749267578,2325.411749267578
2022-03-02,ADANIENT.NS,SELL,1434,1638.1431884765625,2349097.3322753906,2349.0973322753907
2022-03-02,KPITTECH.NS,BUY,285,548.0674438476562,156199.22149658203,156.19922149658203
2022-03-02,JSWENERGY.NS,TRIM,790,330.56689453125,261147.8466796875,261.1478466796875
2022-03-02,ATGL.NS,BUY,176,1665.4595947265625,293120.888671875,293.120888671875
2022-03-02,JBMA.NS,BUY,2839,211.08660888671875,599274.8826293945,599.2748826293946
2022-03-02,CGPOWER.NS,BUY,647,167.6370086669922,108461.14460754395,108.46114460754394
2022-03-02,ADANIENSOL.NS,TRIM,95,2241.050048828125,212899.75463867188,212.89975463867188
2022-03-02,PGEL.NS,BUY,6451,60.833343505859375,392435.8989562988,392.43589895629884
2022-03-02,POONAWALLA.NS,BUY,2498,236.53729248046875,590870.1566162109,590.8701566162109
2022-03-02,ANGELONE.NS,BUY,15064,122.23210906982422,1841304.491027832,1841.304491027832
2022-04-01,PGEL.NS,SELL,29605,74.91254425048828,2217785.8725357056,2217.7858725357055
2022-04-01,ATGL.NS,SELL,1251,2246.208740234375,2810007.134033203,2810.0071340332033
2022-04-01,ANGELONE.NS,TRIM,175,141.2998809814453,24727.47917175293,24.72747917175293
2022-04-01,JSWENERGY.NS,BUY,2549,301.3748474121094,768204.4860534668,768.2044860534668
2022-04-01,KPITTECH.NS,BUY,487,591.01513671875,287824.37158203125,287.82437158203123
2022-04-01,CGPOWER.NS,BUY,1258,186.06028747558597,234063.84164428714,234.06384164428715
2022-04-01,JBMA.NS,BUY,783,227.0237579345703,177759.60246276855,177.75960246276856
2022-04-01,ADANIENSOL.NS,BUY,95,2421.449951171875,230037.74536132812,230.03774536132812
2022-04-01,POONAWALLA.NS,BUY,61,276.48760986328125,16865.744201660156,16.865744201660156
2022-04-01,DEEPAKFERT.NS,BUY,4646,542.0984497070312,2518589.397338867,2518.5893973388675
2022-05-02,ADANIENSOL.NS,SELL,1110,2804.449951171875,3112939.4458007812,3112.9394458007814
2022-05-02,DEEPAKFERT.NS,SELL,4646,620.5545654296875,2883096.510986328,2883.096510986328
2022-05-02,ANGELONE.NS,TRIM,2892,166.7107696533203,482127.54583740234,482.12754583740235
2022-05-02,KPITTECH.NS,BUY,438,522.2212524414062,228732.90856933594,228.73290856933593
2022-05-02,JBMA.NS,TRIM,1157,249.4004364013672,288556.30491638184,288.55630491638186
2022-05-02,JSWENERGY.NS,TRIM,10,297.232421875,2972.32421875,2.97232421875
2022-05-02,CGPOWER.NS,TRIM,575,190.2586212158203,109398.70719909668,109.39870719909668
2022-05-02,POONAWALLA.NS,TRIM,778,289.787841796875,225454.94091796875,225.45494091796874
2022-05-02,GMDCLTD.NS,BUY,14299,153.57867431640625,2196021.464050293,2196.021464050293
2022-05-02,RPOWER.NS,BUY,155916,14.199999809265137,2214007.170261383,2214.007170261383
2022-05-02,TATAELXSI.NS,BUY,435,7286.3046875,3169542.5390625,3169.5425390625
2022-06-01,JSWENERGY.NS,SELL,9652,259.73663330078125,2506977.9846191406,2506.977984619141
2022-06-01,RPOWER.NS,SELL,155916,13.199999809265137,2058091.170261383,2058.091170261383
2022-06-01,JBMA.NS,BUY,1167,214.4679718017578,250284.12309265137,250.28412309265138
2022-06-01,ANGELONE.NS,BUY,2952,137.62969970703125,406282.87353515625,406.2828735351563
2022-06-01,GMDCLTD.NS,BUY,630,136.41531372070312,85941.64764404297,85.94164764404297
2022-06-01,CGPOWER.NS,BUY,201,183.04736328125,36792.52001953125,36.79252001953125
2022-06-01,KPITTECH.NS,TRIM,218,528.2941284179688,115168.11999511719,115.1681199951172
2022-06-01,POONAWALLA.NS,BUY,424,256.0674743652344,108572.60913085938,108.57260913085938
2022-06-01,TATAELXSI.NS,TRIM,72,8173.0830078125,588461.9765625,588.4619765625
2022-06-01,BLS.NS,BUY,23629,90.60321044921876,2140863.2597045903,2140.8632597045903
2022-06-01,ADANIPOWER.NS,BUY,31597,61.41999816894531,1940687.682144165,1940.6876821441651
2022-07-01,POONAWALLA.NS,SELL,9546,228.5274658203125,2181523.188720703,2181.5231887207033
2022-07-01,ANGELONE.NS,SELL,14949,111.57112121582033,1667876.691055298,1667.8766910552981
2022-07-01,BLS.NS,TRIM,2946,95.96028137207033,282698.9889221192,282.6989889221192
2022-07-01,JBMA.NS,TRIM,986,216.5813140869141,213549.1756896973,213.5491756896973
2022-07-01,ADANIPOWER.NS,BUY,5782,52.650001525878906,304422.30882263184,304.42230882263186
2022-07-01,CGPOWER.NS,TRIM,1566,188.1347503662109,294619.01907348627,294.6190190734863
2022-07-01,GMDCLTD.NS,BUY,788,117.5133285522461,92600.50289916992,92.60050289916992
2022-07-01,KPITTECH.NS,TRIM,41,485.2008361816406,19893.234283447266,19.893234283447267
2022-07-01,TATAELXSI.NS,TRIM,15,7781.4013671875,116721.0205078125,116.7210205078125
2022-07-01,BSE.NS,BUY,10511,194.94195556640625,2049034.894958496,2049.0348949584964
2022-07-01,ATGL.NS,BUY,972,2385.50439453125,2318710.271484375,2318.710271484375
2022-08-01,BSE.NS,SELL,10511,221.5655517578125,2328875.514526367,2328.875514526367
2022-08-01,ADANIPOWER.NS,TRIM,1732,64.37000274658203,111488.84475708008,111.48884475708007
2022-08-01,ATGL.NS,TRIM,116,3213.242431640625,372736.1220703125,372.7361220703125
2022-08-01,BLS.NS,TRIM,1227,117.9537353515625,144729.2332763672,144.72923327636718
2022-08-01,CGPOWER.NS,TRIM,702,222.01776123046875,155856.46838378906,155.85646838378906
2022-08-01,JBMA.NS,BUY,1634,214.16961669921875,349953.15368652344,349.9531536865234
2022-08-01,TATAELXSI.NS,BUY,30,8324.1005859375,249723.017578125,249.723017578125
2022-08-01,GMDCLTD.NS,TRIM,1703,151.88462829589844,258659.52198791504,258.65952198791507
2022-08-01,KPITTECH.NS,BUY,269,531.209228515625,142895.28247070312,142.89528247070314
2022-08-01,ADANIENSOL.NS,BUY,901,3261.75,2938836.75,2938.83675
2022-09-01,JBMA.NS,SELL,10972,204.37359619140625,2242387.0974121094,2242.3870974121096
2022-09-01,KPITTECH.NS,SELL,5070,555.9599609375,2818717.001953125,2818.717001953125
2022-09-01,ADANIPOWER.NS,TRIM,3345,81.69999694824219,273286.4897918701,273.2864897918701
2022-09-01,CGPOWER.NS,BUY,2480,224.04283142089844,555626.2219238281,555.6262219238281
2022-09-01,GMDCLTD.NS,BUY,2700,148.40736389160156,400699.8825073242,400.6998825073242
2022-09-01,BLS.NS,BUY,3481,123.80227661132812,430955.7248840332,430.9557248840332
2022-09-01,ATGL.NS,BUY,31,3634.265380859375,112662.22680664062,112.66222680664063
2022-09-01,ADANIENSOL.NS,TRIM,22,3880.449951171875,85369.89892578125,85.36989892578126
2022-09-01,TATAELXSI.NS,BUY,29,8610.1748046875,249695.0693359375,249.69506933593752
2022-09-01,PGEL.NS,BUY,29234,88.806884765625,2596180.4692382812,2596.180469238281
2022-09-01,BDL.NS,BUY,7953,405.2713928222656,3223123.3871154785,3223.1233871154786
2022-10-03,CGPOWER.NS,SELL,17081,226.80882263183597,3874121.49937439,3874.12149937439
2022-10-03,TATAELXSI.NS,SELL,407,7934.55615234375,3229364.3540039062,3229.364354003906
2022-10-03,ADANIPOWER.NS,TRIM,95,70.97000122070312,6742.150115966797,6.742150115966797
2022-10-03,ATGL.NS,BUY,6,3096.552978515625,18579.31787109375,18.57931787109375
2022-10-03,ADANIENSOL.NS,BUY,71,3123.64990234375,221779.14306640625,221.77914306640625
2022-10-03,BDL.NS,TRIM,1650,427.7121887207031,705725.1113891602,705.7251113891601
2022-10-03,GMDCLTD.NS,BUY,387,123.55664825439452,47816.422874450676,47.81642287445068
2022-10-03,PGEL.NS,TRIM,6954,100.05825805664062,695805.1265258789,695.8051265258789
2022-10-03,BLS.NS,TRIM,4770,137.87191772460938,657649.0475463867,657.6490475463868
2022-10-03,ADANIENT.NS,BUY,1140,3151.56591796875,3592785.146484375,3592.785146484375
2022-10-03,DEEPAKFERT.NS,BUY,3268,842.9722290039062,2754833.2443847656,2754.8332443847657
2022-11-01,ADANIPOWER.NS,BUY,3895,69.77999877929688,271793.0952453613,271.7930952453613
2022-11-01,BLS.NS,TRIM,1507,163.650634765625,246621.50659179688,246.62150659179687
2022-11-01,ADANIENT.NS,TRIM,13,3569.205810546875,46399.675537109375,46.399675537109374
2022-11-01,ATGL.NS,TRIM,98,3676.157470703125,360263.43212890625,360.26343212890623
2022-11-01,DEEPAKFERT.NS,BUY,24,887.2354736328125,21293.6513671875,21.2936513671875
2022-11-01,BDL.NS,TRIM,133,472.8565368652344,62889.91940307617,62.88991940307617
2022-11-01,PGEL.NS,BUY,3933,101.4871597290039,399148.99921417236,399.14899921417236
2022-11-01,ADANIENSOL.NS,TRIM,3,3342.449951171875,10027.349853515625,10.027349853515625
2022-11-01,GMDCLTD.NS,BUY,607,129.29173278808594,78480.08180236816,78.48008180236816
2022-12-01,ADANIENSOL.NS,SELL,947,2834.25,2684034.75,2684.0347500000003
2022-12-01,PGEL.NS,SELL,26213,97.86493682861328,2565333.58908844,2565.33358908844
2022-12-01,ADANIPOWER.NS,BUY,798,66.08000183105469,52731.84146118164,52.731841461181645
2022-12-01,BLS.NS,TRIM,2223,184.75570678710935,410711.9361877441,410.7119361877441
2022-12-01,DEEPAKFERT.NS,BUY,369,773.5255737304688,285430.93670654297,285.430936706543
2022-12-01,BDL.NS,TRIM,70,470.9765625,32968.359375,32.968359375
2022-12-01,ATGL.NS,TRIM,7,3607.4521484375,25252.1650390625,25.2521650390625
2022-12-01,GMDCLTD.NS,TRIM,2396,144.24884033203125,345620.2214355469,345.6202214355469
2022-12-01,ADANIENT.NS,TRIM,137,3907.98974609375,535394.5952148438,535.3945952148438
2022-12-01,MAZDOCK.NS,BUY,6309,443.01416015625,2794976.3364257812,2794.9763364257815
2022-12-01,HSCL.NS,BUY,26696,100.09730529785156,2672197.6622314453,2672.1976622314455
2023-01-02,GMDCLTD.NS,SELL,15312,141.220703125,2162371.40625,2162.37140625
2023-01-02,ATGL.NS,SELL,788,3545.73681640625,2794040.611328125,2794.040611328125
2023-01-02,BLS.NS,TRIM,894,169.57875061035156,151603.4030456543,151.6034030456543
2023-01-02,MAZDOCK.NS,TRIM,172,382.8946228027344,65857.87512207031,65.85787512207031
2023-01-02,ADANIPOWER.NS,TRIM,643,59.630001068115234,38342.090686798096,38.342090686798095
2023-01-02,BDL.NS,TRIM,619,461.4056396484375,285610.0909423828,285.61009094238284
2023-01-02,ADANIENT.NS,TRIM,83,3834.2236328125,318240.5615234375,318.2405615234375
2023-01-02,HSCL.NS,TRIM,3073,99.64999389648438,306224.4312438965,306.2244312438965
2023-01-02,DEEPAKFERT.NS,BUY,6,680.6255493164062,4083.7532958984375,4.083753295898438
2023-01-02,GESHIP.NS,BUY,5454,591.6937866210938,3227097.9122314453,3227.097912231445
2023-01-02,RVNL.NS,BUY,45215,65.77371978759766,2973958.740196228,2973.958740196228
2023-02-01,ADANIPOWER.NS,SELL,36257,42.52999877929688,1542010.165740967,1542.010165740967
2023-02-01,DEEPAKFERT.NS,SELL,3667,606.27685546875,2223217.2290039062,2223.217229003906
2023-02-01,HSCL.NS,SELL,23623,89.01404571533203,2102778.8019332886,2102.778801933289
2023-02-01,MAZDOCK.NS,TRIM,85,361.85882568359375,30758.00018310547,30.75800018310547
2023-02-01,BLS.NS,TRIM,1407,178.13885498046875,250641.36895751953,250.64136895751955
2023-02-01,ADANIENT.NS,BUY,465,2131.4716796875,991134.3310546875,991.1343310546876
2023-02-01,GESHIP.NS,BUY,50,550.8828125,27544.140625,27.544140625
2023-02-01,RVNL.NS,TRIM,6014,69.70767211914062,419221.9401245117,419.2219401245117
2023-02-01,BDL.NS,BUY,10,444.119384765625,4441.19384765625,4.44119384765625
2023-02-01,KARURVYSYA.NS,BUY,33306,83.30496978759766,2774555.3237457275,2774.5553237457275
2023-02-01,VBL.NS,BUY,12687,232.232177734375,2946329.6389160156,2946.3296389160155
2023-03-01,ADANIENT.NS,SELL,1372,1561.4591064453125,2142321.8940429688,2142.321894042969
2023-03-01,VBL.NS,SELL,12687,266.1011657714844,3376025.4901428223,3376.0254901428225
2023-03-01,BLS.NS,BUY,2944,160.308349609375,471947.78125,471.94778125
2023-03-01,MAZDOCK.NS,BUY,649,359.2354431152344,233143.8025817871,233.14380258178713
2023-03-01,RVNL.NS,BUY,14064,56.13074493408203,789422.7967529297,789.4227967529297
2023-03-01,KARURVYSYA.NS,BUY,6386,80.6344223022461,514931.42082214355,514.9314208221435
2023-03-01,BDL.NS,TRIM,35,476.3282470703125,16671.488647460938,16.671488647460937
2023-03-01,GESHIP.NS,BUY,886,502.1578369140625,444911.8435058594,444.9118435058594
2023-03-01,AEGISLOG.NS,BUY,7299,353.14227294921875,2577585.4502563477,2577.5854502563475
2023-04-03,GESHIP.NS,SELL,6390,571.6437377929688,3652803.4844970703,3652.8034844970703
2023-04-03,MAZDOCK.NS,TRIM,288,319.2286682128906,91937.8564453125,91.9378564453125
2023-04-03,BLS.NS,TRIM,2402,163.4661407470703,392645.6700744629,392.6456700744629
2023-04-03,KARURVYSYA.NS,TRIM,5481,79.59810638427734,436277.2210922241,436.2772210922241
2023-04-03,AEGISLOG.NS,TRIM,881,362.7427368164063,319576.35113525396,319.57635113525396
2023-04-03,RVNL.NS,TRIM,18962,72.2983169555664,1370920.6861114502,1370.9206861114503
2023-04-03,BDL.NS,TRIM,766,486.1373291015625,372381.1940917969,372.3811940917969
2023-04-03,VBL.NS,BUY,10124,280.07061767578125,2835434.9333496094,2835.4349333496093
2023-04-03,KALYANKJIL.NS,BUY,22123,104.8970184326172,2320636.7387847905,2320.6367387847904
2023-04-03,PGEL.NS,BUY,18134,135.70591735839844,2460891.1053771973,2460.891105377197
2023-05-02,BDL.NS,SELL,4690,488.700439453125,2292005.0610351562,2292.0050610351564
2023-05-02,MAZDOCK.NS,TRIM,325,379.8582153320313,123453.91998291017,123.45391998291018
2023-05-02,KARURVYSYA.NS,BUY,3627,77.7247314453125,281907.60095214844,281.90760095214847
2023-05-02,VBL.NS,BUY,877,280.3942565917969,245905.76303100586,245.90576303100588
2023-05-02,RVNL.NS,TRIM,13965,116.24492645263672,1623360.3979110718,1623.360397911072
2023-05-02,KALYANKJIL.NS,BUY,2246,104.74822998046876,235264.52453613284,235.26452453613285
2023-05-02,BLS.NS,BUY,499,177.626953125,88635.849609375,88.635849609375
2023-05-02,AEGISLOG.NS,BUY,365,380.2550659179688,138793.09906005862,138.79309906005864
2023-05-02,PGEL.NS,BUY,1638,139.67286682128906,228784.15585327148,228.7841558532715
2023-05-02,ANANTRAJ.NS,BUY,15484,140.12362670898438,2169674.235961914,2169.6742359619143
2023-06-01,KALYANKJIL.NS,SELL,24369,107.82322692871094,2627544.217025757,2627.544217025757
2023-06-01,PGEL.NS,SELL,19772,165.9727020263672,3281612.264465332,3281.612264465332
2023-06-01,RVNL.NS,TRIM,369,116.39230346679688,42948.75997924805,42.948759979248045
2023-06-01,MAZDOCK.NS,BUY,151,396.1087951660156,59812.42807006836,59.812428070068364
2023-06-01,ANANTRAJ.NS,BUY,555,150.74581909179688,83663.92959594727,83.66392959594727
2023-06-01,KARURVYSYA.NS,TRIM,1652,85.97550964355469,142031.54193115234,142.03154193115233
2023-06-01,VBL.NS,TRIM,1281,334.666015625,428707.166015625,428.70716601562503
2023-06-01,AEGISLOG.NS,BUY,1970,330.3231201171875,650736.5466308594,650.7365466308594
2023-06-01,BLS.NS,BUY,1006,181.3275146484375,182415.47973632812,182.41547973632814
2023-06-01,IRCON.NS,BUY,36266,78.99137878417969,2864701.3429870605,2864.701342987061
2023-06-01,DATAPATTNS.NS,BUY,1703,1656.320556640625,2820713.9079589844,2820.7139079589842
2023-07-03,BLS.NS,SELL,14183,209.0077209472656,2964356.506195068,2964.356506195068
2023-07-03,AEGISLOG.NS,SELL,8753,317.118896484375,2775741.7009277344,2775.7417009277347
2023-07-03,RVNL.NS,BUY,3602,119.73324584960938,431279.15155029297,431.27915155029297
2023-07-03,MAZDOCK.NS,TRIM,1815,626.2633666992188,1136668.010559082,1136.668010559082
2023-07-03,ANANTRAJ.NS,BUY,447,185.3523406982422,82852.49629211426,82.85249629211425
2023-07-03,DATAPATTNS.NS,BUY,131,1872.814453125,245338.693359375,245.33869335937501
2023-07-03,KARURVYSYA.NS,BUY,1181,101.95891571044922,120413.47945404053,120.41347945404053
2023-07-03,IRCON.NS,BUY,6837,79.75503540039062,545285.1770324707,545.2851770324708
2023-07-03,VBL.NS,BUY,2466,324.30303955078125,799731.2955322266,799.7312955322266
2023-07-03,NEULANDLAB.NS,BUY,967,2814.32421875,2721451.51953125,2721.45151953125
2023-08-01,VBL.NS,SELL,12186,317.3085632324219,3866722.151550293,3866.722151550293
2023-08-01,IRCON.NS,SELL,43103,93.97825622558594,4050744.7780914307,4050.744778091431
2023-08-01,MAZDOCK.NS,TRIM,521,903.493408203125,470720.0656738281,470.7200656738281
2023-08-01,RVNL.NS,BUY,6263,122.92678833007812,769890.4753112793,769.8904753112793
2023-08-01,ANANTRAJ.NS,BUY,4589,202.92672729492188,931230.7515563965,931.2307515563965
2023-08-01,DATAPATTNS.NS,BUY,493,1991.7352294921875,981925.4681396484,981.9254681396485
2023-08-01,KARURVYSYA.NS,BUY,15320,100.4044189453125,1538195.6982421875,1538.1956982421875
2023-08-01,NEULANDLAB.NS,BUY,99,3472.177490234375,343745.5715332031,343.74557153320313
2023-08-01,JBMA.NS,BUY,5882,698.427490234375,4108150.4975585938,4108.150497558594
2023-09-01,KARURVYSYA.NS,SELL,52687,98.63893127441406,5196989.372055054,5196.9893720550535
2023-09-01,DATAPATTNS.NS,SELL,2327,2452.053955078125,5705929.553466797,5705.929553466797
2023-09-01,MAZDOCK.NS,BUY,276,916.756103515625,253024.6845703125,253.0246845703125
2023-09-01,RVNL.NS,TRIM,1513,135.89747619628906,205612.88148498535,205.61288148498537
2023-09-01,JBMA.NS,TRIM,373,748.4521484375,279172.6513671875,279.1726513671875
2023-09-01,NEULANDLAB.NS,TRIM,24,3775.339599609375,90608.150390625,90.608150390625
2023-09-01,ANANTRAJ.NS,BUY,761,219.8538818359375,167308.80407714844,167.30880407714844
2023-09-01,SUZLON.NS,BUY,134059,25.0,3351475.0,3351.475
2023-09-01,PFC.NS,BUY,40239,181.1422576904297,7288983.3072052,7288.983307205201
2023-10-03,MAZDOCK.NS,TRIM,770,1066.3131103515625,821061.0949707031,821.0610949707032
2023-10-03,JBMA.NS,BUY,472,659.5767822265625,311320.2412109375,311.3202412109375
2023-10-03,RVNL.NS,TRIM,8327,169.87319946289062,1414534.1319274902,1414.5341319274903
2023-10-03,SUZLON.NS,TRIM,5449,26.950000762939453,146850.55415725708,146.85055415725708
2023-10-03,NEULANDLAB.NS,BUY,4,3724.01611328125,14896.064453125,14.896064453125
2023-10-03,ANANTRAJ.NS,TRIM,432,220.8495941162109,95407.02465820311,95.40702465820311
2023-10-03,PFC.NS,TRIM,12271,220.7539520263672,2708871.7453155518,2708.871745315552
2023-10-03,FORCEMOT.NS,BUY,1198,3827.77197265625,4585670.8232421875,4585.670823242188
2023-11-01,ANANTRAJ.NS,SELL,21404,237.87631225585935,5091504.587524413,5091.504587524413
2023-11-01,RVNL.NS,BUY,9323,150.67015075683594,1404697.8155059814,1404.6978155059815
2023-11-01,MAZDOCK.NS,BUY,1722,935.9754028320312,1611749.6436767578,1611.7496436767578
2023-11-01,JBMA.NS,BUY,2699,600.5768432617188,1620956.899963379,1620.9568999633789
2023-11-01,SUZLON.NS,BUY,23658,31.299999237060547,740495.3819503784,740.4953819503785
2023-11-01,PFC.NS,BUY,8663,213.05679321289065,1845710.9996032717,1845.7109996032718
2023-11-01,FORCEMOT.NS,BUY,573,3336.982421875,1912090.927734375,1912.090927734375
2023-12-01,MAZDOCK.NS,SELL,5131,988.88037109375,5073945.184082031,5073.945184082031
2023-12-01,RVNL.NS,SELL,29317,162.48741149902344,4763643.44291687,4763.64344291687
2023-12-01,NEULANDLAB.NS,SELL,1046,5347.0537109375,5593018.181640625,5593.018181640625
2023-12-01,FORCEMOT.NS,SELL,1771,3336.982421875,5909795.869140625,5909.795869140625
2023-12-01,SUZLON.NS,TRIM,17209,39.400001525878906,678034.6262588501,678.0346262588502
2023-12-01,JBMA.NS,BUY,848,622.3556518554688,527757.5927734375,527.7575927734375
2023-12-01,PFC.NS,TRIM,9993,325.7831726074219,3255551.243865967,3255.551243865967
2023-12-01,BSE.NS,BUY,8722,823.5435180664062,7182946.564575195,7182.946564575195
2023-12-01,KAYNES.NS,BUY,3035,2434.5,7388707.5,7388.7075
2023-12-01,KALYANKJIL.NS,BUY,17621,333.1263122558594,5870018.748260498,5870.018748260498
2024-01-01,JBMA.NS,SELL,9528,807.9622802734375,7698264.6064453125,7698.264606445313
2024-01-01,BSE.NS,BUY,1444,726.1151123046875,1048510.2221679688,1048.5102221679688
2024-01-01,SUZLON.NS,BUY,20415,38.5,785977.5,785.9775
2024-01-01,KAYNES.NS,TRIM,198,2669.050048828125,528471.9096679688,528.4719096679688
2024-01-01,PFC.NS,TRIM,2495,352.45965576171875,879386.8411254883,879.3868411254883
2024-01-01,KALYANKJIL.NS,BUY,767,360.4349670410156,276453.619720459,276.453619720459
2024-01-01,NEULANDLAB.NS,BUY,1198,5259.3408203125,6300690.302734375,6300.690302734375
2024-02-01,BSE.NS,TRIM,610,821.8296508789062,501316.0870361328,501.31608703613284
2024-02-01,SUZLON.NS,TRIM,21660,48.20000076293945,1044012.0165252686,1044.0120165252686
2024-02-01,PFC.NS,TRIM,1489,397.6937561035156,592166.0028381348,592.1660028381348
2024-02-01,NEULANDLAB.NS,TRIM,118,6215.22265625,733396.2734375,733.3962734375
2024-02-01,KAYNES.NS,BUY,49,2813.949951171875,137883.54760742188,137.8835476074219
2024-02-01,KALYANKJIL.NS,BUY,3264,332.3304138183594,1084726.470703125,1084.726470703125
2024-03-01,KAYNES.NS,SELL,2886,2945.5,8500713.0,8500.713
2024-03-01,KALYANKJIL.NS,SELL,21652,397.393798828125,8604370.532226562,8604.370532226563
2024-03-01,NEULANDLAB.NS,SELL,1080,7236.5654296875,7815490.6640625,7815.4906640625
2024-03-01,SUZLON.NS,BUY,90885,44.29999923706055,4026205.430660248,4026.205430660248
2024-03-01,BSE.NS,BUY,5715,770.0831298828125,4401025.087280273,4401.0250872802735
2024-03-01,PFC.NS,BUY,14020,371.7150573730469,5211445.104370117,5211.445104370117
2024-03-01,GVT&D.NS,BUY,10684,949.9666748046876,10149443.953613283,10149.443953613283
2024-04-01,PFC.NS,SELL,36674,363.6973876953125,13338237.99633789,13338.237996337892
2024-04-01,GVT&D.NS,BUY,2138,871.1011352539062,1862414.2271728516,1862.4142271728515
2024-04-01,SUZLON.NS,BUY,36709,41.34999847412109,1517917.093986511,1517.917093986511
2024-04-01,BSE.NS,TRIM,1230,893.1704711914062,1098599.6795654297,1098.5996795654298
2024-04-01,IRFC.NS,BUY,68812,139.8807373046875,9625473.295410156,9625.473295410156
2024-05-02,GVT&D.NS,TRIM,5312,1140.8648681640625,6060274.1796875,6060.2741796875
2024-05-02,BSE.NS,TRIM,4433,942.2307739257812,4176909.0208129883,4176.909020812988
2024-05-02,SUZLON.NS,TRIM,56747,41.70000076293945,2366349.943294525,2366.349943294525
2024-05-02,IRFC.NS,TRIM,20152,153.50167846679688,3093365.8244628906,3093.3658244628905
2024-05-02,FORCEMOT.NS,BUY,808,9468.345703125,7650423.328125,7650.423328125
2024-05-02,KALYANKJIL.NS,BUY,25033,409.68017578125,10255523.840332031,10255.52384033203
2024-06-03,FORCEMOT.NS,BUY,213,8878.9091796875,1891207.6552734375,1891.2076552734375
2024-06-03,GVT&D.NS,BUY,976,1410.87744140625,1377016.3828125,1377.0163828125
2024-06-03,BSE.NS,BUY,2361,892.5113525390625,2107219.3033447266,2107.2193033447265
2024-06-03,IRFC.NS,BUY,285,182.53082275390625,52021.28448486328,52.02128448486328
2024-06-03,SUZLON.NS,BUY,1498,50.0,74900.0,74.9
2024-07-01,KALYANKJIL.NS,SELL,25033,494.9390258789063,12389808.634826662,12389.808634826662
2024-07-01,GVT&D.NS,BUY,1298,1557.6688232421875,2021854.1325683594,2021.8541325683593
2024-07-01,IRFC.NS,BUY,17591,165.9248046875,2918783.2392578125,2918.7832392578125
2024-07-01,BSE.NS,BUY,3733,853.088134765625,3184578.007080078,3184.5780070800784
2024-07-01,FORCEMOT.NS,BUY,347,8874.8291015625,3079565.6982421875,3079.5656982421874
2024-08-01,SUZLON.NS,SELL,206159,67.9800033569336,14014689.512062073,14014.689512062074
2024-08-01,GVT&D.NS,TRIM,2075,1655.181640625,3434501.904296875,3434.501904296875
2024-08-01,IRFC.NS,TRIM,17280,183.3325958251953,3167987.255859375,3167.987255859375
2024-08-01,FORCEMOT.NS,TRIM,229,9139.609375,2092970.546875,2092.970546875
2024-08-01,BSE.NS,TRIM,2798,876.0053100585938,2451062.8575439453,2451.0628575439455
2024-08-01,COCHINSHIP.NS,BUY,3369,2547.1083984375,8581208.194335938,8581.208194335937
2024-08-01,NBCC.NS,BUY,83268,116.90239715576172,9734228.806365967,9734.228806365967
2024-09-02,FORCEMOT.NS,SELL,1139,8268.89453125,9418270.87109375,9418.27087109375
2024-09-02,COCHINSHIP.NS,BUY,1088,1827.53515625,1988358.25,1988.35825
2024-09-02,GVT&D.NS,TRIM,735,1684.3870849609375,1238024.507446289,1238.0245074462891
2024-09-02,IRFC.NS,BUY,1386,172.17604064941406,238635.9923400879,238.6359923400879
2024-09-02,NBCC.NS,TRIM,11045,122.17794036865234,1349455.3513717651,1349.4553513717651
2024-09-02,BSE.NS,TRIM,1620,916.3878784179688,1484548.3630371094,1484.5483630371093
2024-09-02,WOCKPHARMA.NS,BUY,9144,1048.1500244140625,9584283.823242188,9584.283823242187
2024-10-01,BSE.NS,SELL,11284,1278.8865966796875,14430956.356933594,14430.956356933593
2024-10-01,IRFC.NS,SELL,50642,150.64675903320312,7629053.170959473,7629.0531709594725
2024-10-01,WOCKPHARMA.NS,TRIM,2559,968.7999877929688,2479159.168762207,2479.159168762207
2024-10-01,GVT&D.NS,TRIM,2266,1678.71142578125,3803960.0908203125,3803.9600908203124
2024-10-01,COCHINSHIP.NS,TRIM,1074,1685.61572265625,1810351.2861328125,1810.3512861328124
2024-10-01,NBCC.NS,TRIM,21154,117.76506042480467,2491202.088226318,2491.2020882263178
2024-10-01,OIL.NS,BUY,14247,540.4476928710938,7699758.280334473,7699.758280334473
2024-10-01,RVNL.NS,BUY,11629,518.7210693359375,6032207.315307617,6032.207315307617
2024-10-01,TRENT.NS,BUY,1323,7597.08154296875,10050938.881347656,10050.938881347656
2024-10-01,NETWEB.NS,BUY,2987,2504.10302734375,7479755.742675781,7479.755742675781
2024-10-01,NEULANDLAB.NS,BUY,572,12474.8447265625,7135611.18359375,7135.61118359375
2024-11-01,NBCC.NS,SELL,51069,98.0046615600586,5005000.061210632,5005.000061210632
2024-11-01,OIL.NS,SELL,14247,449.4624633789063,6403491.715759278,6403.491715759278
2024-11-01,GVT&D.NS,BUY,330,1795.5577392578125,592534.0539550781,592.5340539550781
2024-11-01,WOCKPHARMA.NS,TRIM,931,1250.199951171875,1163936.1545410156,1163.9361545410156
2024-11-01,TRENT.NS,BUY,219,7134.33251953125,1562418.8217773438,1562.4188217773437
2024-11-01,COCHINSHIP.NS,BUY,860,1509.4439697265625,1298121.8139648438,1298.1218139648438
2024-11-01,RVNL.NS,BUY,2629,465.5835571289063,1224019.1716918948,1224.0191716918948
2024-11-01,NEULANDLAB.NS,TRIM,61,14521.962890625,885839.736328125,885.839736328125
2024-11-01,NETWEB.NS,BUY,122,2711.572265625,330811.81640625,330.81181640625
2024-11-01,PGEL.NS,BUY,11631,640.8675537109375,7453930.517211914,7453.930517211914
2024-12-02,COCHINSHIP.NS,SELL,4243,1641.8875732421875,6966528.973266602,6966.5289732666015
2024-12-02,PGEL.NS,SELL,11631,747.8203735351562,8697898.764587402,8697.898764587402
2024-12-02,GVT&D.NS,TRIM,478,1761.0565185546875,841785.0158691406,841.7850158691407
2024-12-02,WOCKPHARMA.NS,TRIM,962,1427.75,1373495.5,1373.4955
2024-12-02,NETWEB.NS,TRIM,367,2783.0908203125,1021394.3310546875,1021.3943310546875
2024-12-02,RVNL.NS,TRIM,443,432.0697937011719,191406.91860961914,191.40691860961914
2024-12-02,TRENT.NS,TRIM,72,6791.33740234375,488976.29296875,488.97629296875
2024-12-02,NEULANDLAB.NS,TRIM,111,16603.091796875,1842943.189453125,1842.9431894531251
2024-12-02,INOXWIND.NS,BUY,31975,200.9499969482422,6425376.152420044,6425.3761524200445
2024-12-02,GODFRYPHLP.NS,BUY,3392,1870.64453125,6345226.25,6345.22625
2024-12-02,OFSS.NS,BUY,680,11378.060546875,7737081.171875,7737.081171875
2025-01-01,TRENT.NS,SELL,1470,7053.54833984375,10368716.059570312,10368.716059570314
2025-01-01,NETWEB.NS,SELL,2742,2884.654296875,7909722.08203125,7909.7220820312505
2025-01-01,INOXWIND.NS,SELL,31975,187.3500061035156,5990516.445159911,5990.516445159911
2025-01-01,GVT&D.NS,TRIM,528,2040.0037841796875,1077121.998046875,1077.121998046875
2025-01-01,WOCKPHARMA.NS,BUY,160,1455.699951171875,232911.9921875,232.9119921875
2025-01-01,NEULANDLAB.NS,BUY,72,14255.92578125,1026426.65625,1026.42665625
2025-01-01,OFSS.NS,TRIM,8,11715.6044921875,93724.8359375,93.7248359375
2025-01-01,GODFRYPHLP.NS,BUY,405,1636.0645751953125,662606.1529541016,662.6061529541016
2025-01-01,RVNL.NS,BUY,579,423.2218322753906,245045.44088745117,245.04544088745118
2025-01-01,PGEL.NS,BUY,6529,1023.2489624023438,6680792.475524902,6680.792475524902
2025-01-01,DIXON.NS,BUY,547,17986.1953125,9838448.8359375,9838.448835937501
2025-01-01,POLICYBZR.NS,BUY,4195,2119.199951171875,8890043.795166016,8890.043795166015
2025-02-01,RVNL.NS,SELL,14394,428.6096801757813,6169407.736450196,6169.407736450196
2025-02-01,GODFRYPHLP.NS,SELL,3797,1619.623291015625,6149709.635986328,6149.709635986328
2025-02-01,OFSS.NS,SELL,672,8249.12890625,5543414.625,5543.414625
2025-02-01,PGEL.NS,BUY,1168,800.1472778320312,934572.0205078125,934.5720205078126
2025-02-01,WOCKPHARMA.NS,TRIM,388,1558.550048828125,604717.4189453125,604.7174189453125
2025-02-01,DIXON.NS,BUY,55,14707.8046875,808929.2578125,808.9292578125
2025-02-01,GVT&D.NS,BUY,562,1763.495849609375,991084.6674804688,991.0846674804687
2025-02-01,POLICYBZR.NS,BUY,717,1716.1500244140625,1230479.5675048828,1230.4795675048829
2025-02-01,NEULANDLAB.NS,BUY,4,14155.943359375,56623.7734375,56.6237734375
2025-02-01,JYOTICNC.NS,BUY,6373,1030.3499755859375,6566420.39440918,6566.42039440918
2025-02-01,ANANTRAJ.NS,BUY,10560,636.5865478515625,6722353.9453125,6722.3539453125
2025-03-03,GVT&D.NS,SELL,4594,1306.2176513671875,6000763.890380859,6000.763890380859
2025-03-03,NEULANDLAB.NS,SELL,476,10459.29296875,4978623.453125,4978.623453125
2025-03-03,POLICYBZR.NS,SELL,4912,1451.8499755859375,7131487.080078125,7131.4870800781255
2025-03-03,JYOTICNC.NS,SELL,6373,770.75,4911989.75,4911.98975
2025-03-03,ANANTRAJ.NS,SELL,10560,449.0208435058594,4741660.107421875,4741.660107421875
2025-03-03,PGEL.NS,TRIM,1707,806.0946655273438,1376003.5940551758,1376.0035940551759
2025-03-03,WOCKPHARMA.NS,BUY,169,1200.0999755859375,202816.89587402344,202.81689587402343
2025-03-03,DIXON.NS,TRIM,108,14045.4990234375,1516913.89453125,1516.91389453125
2025-03-03,MAZDOCK.NS,BUY,2145,2133.568603515625,4576504.654541016,4576.504654541016
2025-03-03,BSE.NS,BUY,3400,1444.77490234375,4912234.66796875,4912.23466796875
2025-03-03,DEEPAKFERT.NS,BUY,6029,914.8142700195312,5515415.233947754,5515.415233947754
2025-03-03,SARDAEN.NS,BUY,13908,446.5616149902344,6210778.94128418,6210.778941284179
2025-03-03,PAYTM.NS,BUY,7708,726.4500122070312,5599476.694091797,5599.476694091797
2025-04-01,PGEL.NS,TRIM,8,901.2027587890624,7209.622070312499,7.209622070312499
2025-04-01,SARDAEN.NS,TRIM,438,524.71484375,229825.1015625,229.8251015625
2025-04-01,MAZDOCK.NS,TRIM,182,2555.10009765625,465028.2177734375,465.0282177734375
2025-04-01,DEEPAKFERT.NS,TRIM,439,1086.7025146484375,477062.40393066406,477.06240393066406
2025-04-01,BSE.NS,TRIM,517,1811.4991455078125,936545.0582275391,936.5450582275391
2025-04-01,WOCKPHARMA.NS,TRIM,409,1447.9000244140625,592191.1099853516,592.1911099853515
2025-04-01,DIXON.NS,BUY,88,12918.1513671875,1136797.3203125,1136.7973203125
2025-04-01,PAYTM.NS,TRIM,4,801.0999755859375,3204.39990234375,3.20439990234375
2025-04-01,AEGISLOG.NS,BUY,6997,769.4883422851562,5384109.930969238,5384.109930969238
2025-05-02,WOCKPHARMA.NS,SELL,4224,1300.800048828125,5494579.40625,5494.57940625
2025-05-02,DIXON.NS,SELL,582,16401.701171875,9545790.08203125,9545.79008203125
2025-05-02,BSE.NS,SELL,2883,2093.531005859375,6035649.889892578,6035.649889892578
2025-05-02,AEGISLOG.NS,SELL,6997,762.8939208984375,5337968.764526367,5337.9687645263675
2025-05-02,PGEL.NS,BUY,1854,826.6356201171875,1532582.4396972656,1532.5824396972657
2025-05-02,MAZDOCK.NS,BUY,90,2982.818115234375,268453.63037109375,268.45363037109377
2025-05-02,SARDAEN.NS,BUY,5398,440.0032958984375,2375137.7912597656,2375.137791259766
2025-05-02,PAYTM.NS,BUY,1369,831.3499755859375,1138118.1165771484,1138.1181165771484
2025-05-02,DEEPAKFERT.NS,BUY,470,1250.652099609375,587806.4868164062,587.8064868164063
2025-05-02,GODFRYPHLP.NS,BUY,2176,2727.748779296875,5935581.34375,5935.58134375
2025-05-02,AMBER.NS,BUY,1208,6188.0,7475104.0,7475.104
2025-05-02,KAYNES.NS,BUY,1191,5757.0,6856587.0,6856.587
2025-06-02,PGEL.NS,TRIM,228,789.9017944335938,180097.60913085938,180.09760913085938
2025-06-02,PAYTM.NS,TRIM,1393,924.3499755859376,1287619.5159912112,1287.6195159912113
2025-06-02,DEEPAKFERT.NS,TRIM,1252,1459.71875,1827567.875,1827.567875
2025-06-02,GODFRYPHLP.NS,TRIM,125,2721.900390625,340237.548828125,340.237548828125
2025-06-02,SARDAEN.NS,TRIM,307,431.209228515625,132381.23315429688,132.38123315429686
2025-06-02,MAZDOCK.NS,TRIM,305,3357.505615234375,1024039.2126464844,1024.0392126464844
2025-06-02,KAYNES.NS,TRIM,12,5821.0,69852.0,69.852
2025-06-02,AMBER.NS,TRIM,123,6382.0,784986.0,784.986
2025-06-02,BSE.NS,BUY,2267,2686.22314453125,6089667.868652344,6089.667868652344
2025-07-01,AMBER.NS,SELL,1085,7083.0,7685055.0,7685.055
2025-07-01,KAYNES.NS,SELL,1179,6140.5,7239649.5,7239.6495
2025-07-01,BSE.NS,TRIM,49,2767.80810546875,135622.59716796875,135.62259716796876
2025-07-01,PAYTM.NS,BUY,263,930.25,244655.75,244.65575
2025-07-01,PGEL.NS,BUY,1039,722.6814575195312,750866.034362793,750.866034362793
2025-07-01,DEEPAKFERT.NS,TRIM,480,1719.3756103515625,825300.29296875,825.30029296875
2025-07-01,GODFRYPHLP.NS,TRIM,90,2880.13916015625,259212.5244140625,259.2125244140625
2025-07-01,SARDAEN.NS,BUY,530,434.4386901855469,230252.50579833984,230.25250579833985
2025-07-01,MAZDOCK.NS,BUY,279,3248.878662109375,906437.1467285156,906.4371467285157
2025-07-01,RPOWER.NS,BUY,92219,69.62999725341797,6421208.716712952,6421.208716712952
2025-07-01,WOCKPHARMA.NS,BUY,3812,1677.4000244140625,6394248.893066406,6394.248893066407
2025-08-01,MAZDOCK.NS,SELL,2027,2700.091064453125,5473084.587646484,5473.084587646485
2025-08-01,BSE.NS,BUY,13,2404.964111328125,31264.533447265625,31.264533447265627
2025-08-01,GODFRYPHLP.NS,TRIM,191,2851.870849609375,544707.3322753906,544.7073322753906
2025-08-01,RPOWER.NS,BUY,19221,50.09000015258789,962779.8929328918,962.7798929328918
2025-08-01,WOCKPHARMA.NS,TRIM,46,1612.4000244140625,74170.40112304688,74.17040112304687
2025-08-01,DEEPAKFERT.NS,TRIM,42,1536.935302734375,64551.28271484375,64.55128271484375
2025-08-01,PAYTM.NS,TRIM,1717,1076.4000244140625,1848178.8419189453,1848.1788419189454
2025-08-01,PGEL.NS,TRIM,1255,778.3069458007812,976775.2169799805,976.7752169799805
2025-08-01,SARDAEN.NS,TRIM,2065,436.5254211425781,901424.9946594238,901.4249946594239
2025-08-01,ASTERDM.NS,BUY,17669,591.8170166015625,10456814.866333008,10456.814866333008
2025-09-01,PGEL.NS,SELL,7392,554.7055053710938,4100383.095703125,4100.383095703125
2025-09-01,SARDAEN.NS,SELL,17026,598.9022827148438,10196910.26550293,10196.91026550293
2025-09-01,RPOWER.NS,SELL,111440,44.040000915527344,4907817.702026367,4907.817702026367
2025-09-01,ASTERDM.NS,SELL,17669,602.5606689453125,10646644.459594727,10646.644459594727
2025-09-01,BSE.NS,BUY,137,2174.670654296875,297929.8796386719,297.9298796386719
2025-09-01,PAYTM.NS,TRIM,904,1235.800048828125,1117163.244140625,1117.163244140625
2025-09-01,WOCKPHARMA.NS,BUY,410,1415.699951171875,580436.9799804688,580.4369799804688
2025-09-01,GODFRYPHLP.NS,TRIM,368,3453.388427734375,1270846.94140625,1270.84694140625
2025-09-01,DEEPAKFERT.NS,BUY,412,1386.93994140625,571419.255859375,571.419255859375
2025-09-01,FORCEMOT.NS,BUY,300,19049.943359375,5714983.0078125,5714.983007812501
2025-09-01,LAURUSLABS.NS,BUY,10138,858.4363403320312,8702827.618286133,8702.827618286134
2025-09-01,POWERINDIA.NS,BUY,315,18937.478515625,5965305.732421875,5965.305732421875
2025-09-01,AMBER.NS,BUY,762,7631.0,5814822.0,5814.822
2025-10-01,DEEPAKFERT.NS,SELL,4698,1536.6190185546875,7219036.149169922,7219.036149169922
2025-10-01,POWERINDIA.NS,SELL,315,18129.671875,5710846.640625,5710.846640625
2025-10-01,FORCEMOT.NS,BUY,94,16854.0,1584276.0,1584.276
2025-10-01,LAURUSLABS.NS,BUY,1427,870.4144897460938,1242081.4768676758,1242.0814768676757
2025-10-01,PAYTM.NS,BUY,1685,1148.5999755859375,1935390.9588623047,1935.3909588623046
2025-10-01,BSE.NS,BUY,796,2075.930908203125,1652441.0029296875,1652.4410029296876
2025-10-01,AMBER.NS,BUY,95,8241.5,782942.5,782.9425
2025-10-01,GODFRYPHLP.NS,BUY,363,3309.156982421875,1201223.9846191406,1201.2239846191405
2025-10-01,WOCKPHARMA.NS,BUY,211,1492.800048828125,314980.8103027344,314.98081030273437
2025-10-01,GVT&D.NS,BUY,2866,3065.41259765625,8785472.504882812,8785.472504882813
2025-11-03,BSE.NS,SELL,3164,2541.60400390625,8041635.068359375,8041.6350683593755
2025-11-03,WOCKPHARMA.NS,SELL,4387,1413.800048828125,6202340.814208984,6202.340814208985
2025-11-03,AMBER.NS,SELL,857,7957.5,6819577.5,6819.5775
2025-11-03,FORCEMOT.NS,TRIM,51,18442.0,940542.0,940.542
2025-11-03,GVT&D.NS,TRIM,392,3163.3701171875,1240041.0859375,1240.0410859375
2025-11-03,LAURUSLABS.NS,TRIM,2059,974.4298706054688,2006351.1035766602,2006.3511035766603
2025-11-03,GODFRYPHLP.NS,TRIM,19,3046.404052734375,57881.677001953125,57.88167700195313
2025-11-03,PAYTM.NS,TRIM,715,1274.800048828125,911482.0349121094,911.4820349121094
2025-11-03,MANAPPURAM.NS,BUY,36754,265.7218017578125,9766339.10180664,9766.339101806641
2025-11-03,GMDCLTD.NS,BUY,10882,600.4500122070312,6534097.032836914,6534.097032836914
2025-11-03,GRSE.NS,BUY,2221,2561.17529296875,5688370.325683594,5688.370325683594
2025-12-01,PAYTM.NS,SELL,6292,1367.800048828125,8606197.907226562,8606.197907226562
2025-12-01,GRSE.NS,SELL,2221,2727.4306640625,6057623.5048828125,6057.623504882813
2025-12-01,FORCEMOT.NS,BUY,102,18231.0,1859562.0,1859.5620000000001
2025-12-01,MANAPPURAM.NS,BUY,8580,280.6683654785156,2408134.575805664,2408.134575805664
2025-12-01,LAURUSLABS.NS,BUY,2096,1028.376220703125,2155476.55859375,2155.4765585937503
2025-12-01,GMDCLTD.NS,BUY,3776,551.8499755859375,2083785.5078125,2083.7855078125
2025-12-01,GVT&D.NS,BUY,1144,2794.383544921875,3196774.775390625,3196.774775390625
2025-12-01,GODFRYPHLP.NS,BUY,693,2796.986572265625,1938311.6945800781,1938.3116945800782
